Employee ID,Department,Job Role,Job Level,Location,Employment Type,FTE %,Joining Date,Tenure (Years),Monthly Salary,Annual Salary,Bonus,Benefits Cost,Employer Contribution,Training Cost,Recruitment Cost,Total Employee Cost,Budgeted Employee Cost,Actual Employee Cost,Budget Variance,Performance Rating,Attrition Status,Expected Exit Date,Replacement Required,Critical Role,Vacancy Status,Planned Hiring,Hiring Month,Hiring Cost,Workforce Demand,Current Workforce Supply,Workforce Gap,Headcount Plan,Forecasted Headcount
EMP0001,Sales,Sales Executive,L3,Bengaluru,Full-Time,1,2020-02-24,6.6,79500,954000,165600,99100,61000,11400,8100,1299200,1254800,1380500,125700,4,No,,No,Yes,Filled,1,2027-01,46300,1.42,1,0.42,2,2
EMP0002,Human Resources,Talent Acquisition Specialist,L2,Mumbai,Full-Time,1,2026-04-15,0.5,53100,637200,112200,70100,30900,12000,8700,871100,862800,887000,24200,4,No,,No,No,Filled,0,,0,1.22,1,0.22,1,1
EMP0003,Finance,Accountant,L2,Bengaluru,Full-Time,1,2022-10-10,4,62300,747600,96800,51100,38600,16100,14100,964300,1001400,941100,-60300,3,No,,No,No,Filled,0,,0,1.28,1,0.28,1,1
EMP0004,Engineering,DevOps Engineer,L2,Pune,Full-Time,1,2022-04-15,4.5,88400,1060800,59400,102300,49700,9400,24000,1305600,1379400,1377500,-1900,5,No,,No,No,Filled,0,,0,1.13,1,0.13,1,1
EMP0005,Engineering,Senior Software Engineer,L3,Gurugram,Part-Time,0.5,2020-02-18,6.6,104000,1248000,173400,107800,56000,18900,5700,1609800,1691800,1583500,-108300,4,No,,No,No,Filled,0,,0,1,0.5,0.5,1,1
EMP0006,Marketing,Marketing Executive,L2,Bengaluru,Full-Time,1,2021-09-29,5,57800,693600,81600,64400,32900,29300,20500,922300,972100,983500,11400,3,No,,No,No,Filled,0,,0,1.34,1,0.34,1,1
EMP0007,Operations,Operations Executive,L1,Gurugram,Full-Time,1,2023-07-02,3.2,44000,528000,32500,37900,22100,15200,12800,648500,640200,685900,45700,3,No,,No,No,Filled,0,,0,1.17,1,0.17,1,1
EMP0008,IT,IT Manager,L4,Chennai,Full-Time,1,2021-12-20,4.8,120400,1444800,174200,98900,104200,9600,24700,1856400,1925500,1811500,-114000,3,No,,No,Yes,Filled,0,,0,1,1,0,1,1
EMP0009,Customer Success,Team Lead,L2,Bengaluru,Full-Time,1,2020-01-08,6.7,52800,633600,89900,65700,44900,9600,12200,855900,831600,909100,77500,4,No,,No,No,Filled,0,,0,1.36,1,0.36,1,1
EMP0010,Sales,Business Development Executive,L2,Pune,Full-Time,1,2025-03-16,1.5,58200,698400,40700,54900,37000,24100,17800,872900,915400,882800,-32600,5,Yes,2026-11-28,Yes,No,Filled,1,2027-02,23600,1.42,1,0.42,1,1
EMP0011,Operations,Operations Executive,L1,Bengaluru,Full-Time,1,2021-12-14,4.8,42300,507600,62400,53900,30300,19500,13600,687300,661600,662600,1000,5,No,,No,No,Filled,0,,0,1,1,0,1,1
EMP0012,Human Resources,HR Analyst,L2,Bengaluru,Full-Time,1,2024-12-12,1.8,63100,757200,68800,68500,57800,13500,13200,979000,1013800,959200,-54600,5,No,,No,No,Filled,0,,0,1,1,0,1,1
EMP0013,Marketing,Digital Marketing Specialist,L1,Mumbai,Contract,1,2019-12-17,6.8,43100,517200,36700,59900,37400,21900,22400,695500,723600,677600,-46000,4,No,,No,No,Filled,0,,0,1.54,1,0.54,1,1
EMP0014,IT,Systems Administrator,L1,Mumbai,Full-Time,1,2021-05-17,5.4,53800,645600,100000,73400,34000,10400,9600,873000,875400,922200,46800,5,No,,No,No,Filled,0,,0,1.52,1,0.52,1,1
EMP0015,Operations,Quality Analyst,L4,Pune,Full-Time,1,2021-07-09,5.2,82500,990000,115200,84200,48400,10600,11800,1260200,1328600,1250100,-78500,2,Yes,2027-07-11,Yes,No,Filled,1,2026-11,42400,1.41,1,0.41,1,1
EMP0016,Engineering,Senior Software Engineer,L1,Gurugram,Part-Time,0.5,2019-10-18,7,62400,748800,132000,88200,37500,18900,11000,1036400,1024500,989500,-35000,4,No,,No,No,Filled,0,,0,1,0.5,0.5,1,1
EMP0017,IT,Systems Administrator,L3,Pune,Full-Time,1,2020-02-02,6.7,96000,1152000,65300,88400,87900,13300,7900,1414800,1427500,1525300,97800,4,No,,No,No,Filled,1,2027-08,29400,1.39,1,0.39,2,2
EMP0018,Sales,Sales Executive,L2,Hyderabad,Full-Time,1,2020-03-23,6.5,65100,781200,63200,81000,42700,21900,17700,1007700,1021400,969100,-52300,3,No,,No,No,Filled,0,,0,1.5,1,0.5,1,1
EMP0019,Human Resources,HR Executive,L2,Mumbai,Full-Time,1,2026-04-25,0.4,58000,696000,51700,43500,44300,22900,5300,863700,873400,845900,-27500,5,No,,No,No,Open,1,2027-01,48300,1.04,1,0.04,2,2
EMP0020,Finance,Accountant,L2,Bengaluru,Part-Time,0.5,2019-08-29,7.1,69300,831600,83400,96600,37800,15500,7300,1072200,1128500,1140900,12400,3,Yes,2027-04-18,Yes,No,Filled,1,2027-05,30100,1,0.5,0.5,1,1
EMP0021,Marketing,Content Strategist,L3,Chennai,Contract,1,2025-03-26,1.5,89200,1070400,130800,98200,53200,10000,22900,1385500,1454800,1430300,-24500,4,No,,No,No,Filled,1,2027-09,33900,1.16,1,0.16,2,2
EMP0022,Engineering,Engineering Manager,L1,Mumbai,Full-Time,1,2024-12-15,1.8,68600,823200,137200,93200,58600,22100,6700,1141000,1113800,1217200,103400,3,No,,No,Yes,Filled,0,,0,1.34,1,0.34,1,1
EMP0023,Human Resources,HR Manager,L1,Mumbai,Full-Time,1,2025-09-01,1.1,39700,476400,30100,47500,19200,11500,16000,600700,618200,621600,3400,2,Yes,2027-07-26,Yes,No,Filled,1,2027-02,28500,1.42,1,0.42,1,1
EMP0024,Human Resources,HR Business Partner,L1,Pune,Full-Time,1,2026-03-28,0.5,42500,510000,47100,53400,33700,26700,18200,689100,700700,663000,-37700,3,No,,No,No,Filled,0,,0,1.18,1,0.18,1,1
EMP0025,Sales,Sales Executive,L2,Mumbai,Full-Time,1,2022-11-30,3.8,57100,685200,56000,81100,38200,27600,17600,905700,941500,919600,-21900,5,No,,No,No,Filled,0,,0,1.32,1,0.32,1,1
EMP0026,Marketing,Marketing Executive,L3,Mumbai,Full-Time,1,2026-06-10,0.3,82100,985200,74300,101800,50500,8500,17900,1238200,1210600,1327700,117100,3,No,,No,No,Filled,0,,0,1.59,1,0.59,1,1
EMP0027,Finance,Finance Manager,L1,Bengaluru,Full-Time,1,2021-04-13,5.5,54900,658800,64600,40100,50800,17400,24300,856000,904200,908100,3900,4,No,,No,No,Filled,0,,0,1.13,1,0.13,1,1
EMP0028,Engineering,Software Engineer,L2,Hyderabad,Full-Time,1,2022-09-28,4,83600,1003200,161200,79300,46900,20200,23700,1334500,1374000,1366700,-7300,4,No,,No,No,Filled,0,,0,1,1,0,1,1
EMP0029,Customer Success,Customer Support Executive,L1,Chennai,Contract,1,2025-02-12,1.6,37700,452400,80800,30900,27500,27300,19800,638700,657700,665100,7400,2,No,,No,No,Filled,1,2027-03,34900,1.13,1,0.13,2,2
EMP0030,Engineering,Engineering Manager,L1,Bengaluru,Full-Time,1,2022-12-19,3.8,70000,840000,130500,94100,64300,19200,15000,1163100,1209400,1203200,-6200,4,No,,No,No,Filled,0,,0,1.41,1,0.41,1,1
EMP0031,Human Resources,HR Analyst,L5,Bengaluru,Part-Time,0.5,2019-04-12,7.5,164200,1970400,326500,158200,108400,10100,16600,2590200,2495900,2617500,121600,3,No,,No,No,Filled,0,,0,1,0.5,0.5,1,1
EMP0032,Human Resources,HR Business Partner,L1,Chennai,Full-Time,1,2019-06-08,7.3,43100,517200,65600,32000,21500,26100,12200,674600,656200,686700,30500,5,No,,No,No,Filled,0,,0,1.46,1,0.46,1,1
EMP0033,Human Resources,HR Analyst,L1,Bengaluru,Full-Time,1,2022-02-15,4.6,42200,506400,66300,33000,21300,19700,15800,662500,678200,691900,13700,5,No,,No,No,Filled,0,,0,1.6,1,0.6,1,1
EMP0034,Operations,Operations Executive,L1,Hyderabad,Full-Time,1,2021-12-23,4.8,39800,477600,43900,51400,24300,17700,6600,621500,598200,668200,70000,2,No,,No,No,Filled,0,,0,1.51,1,0.51,1,1
EMP0035,Sales,Business Development Executive,L4,Bengaluru,Full-Time,1,2023-11-22,2.9,115300,1383600,142700,97400,64000,13500,16000,1717200,1771200,1778700,7500,2,No,,No,No,Filled,0,,0,1.12,1,0.12,1,1
EMP0036,Human Resources,HR Business Partner,L2,Chennai,Contract,1,2025-12-27,0.8,68300,819600,119600,76400,52800,17200,10000,1095600,1090800,1148800,58000,3,No,,No,No,Filled,0,,0,1,1,0,1,1
EMP0037,Customer Success,Support Analyst,L2,Hyderabad,Full-Time,1,2021-02-24,5.6,43700,524400,29400,32700,38900,23500,14500,663400,643400,672600,29200,4,No,,No,No,Filled,0,,0,1.25,1,0.25,1,1
EMP0038,Marketing,Content Strategist,L2,Gurugram,Full-Time,1,2021-05-10,5.4,55600,667200,71000,56000,43100,22000,5900,865200,863000,892300,29300,4,No,,No,No,Filled,0,,0,1.27,1,0.27,1,1
EMP0039,Human Resources,Talent Acquisition Specialist,L2,Chennai,Full-Time,1,2019-12-14,6.8,66700,800400,108600,55800,34300,22100,5500,1026700,1045800,1100900,55100,3,No,,No,No,Filled,0,,0,1.32,1,0.32,1,1
EMP0040,Human Resources,HR Business Partner,L1,Bengaluru,Full-Time,1,2019-07-09,7.2,44300,531600,71000,46500,32900,28700,12700,723400,764000,772400,8400,3,No,,No,No,Filled,0,,0,1.06,1,0.06,1,1
EMP0041,Human Resources,HR Manager,L2,Bengaluru,Full-Time,1,2019-01-23,7.7,53900,646800,40800,39500,28300,23000,6400,784800,778400,831800,53400,5,No,,No,No,Filled,0,,0,1,1,0,1,1
EMP0042,IT,IT Support Analyst,L2,Gurugram,Full-Time,1,2024-03-18,2.5,77000,924000,80100,62000,62700,21800,22500,1173100,1212400,1237000,24600,4,No,,No,No,Open,1,2027-05,31300,1.04,1,0.04,2,2
EMP0043,Customer Success,Team Lead,L4,Chennai,Part-Time,0.5,2024-01-18,2.7,93500,1122000,173800,134000,63400,16200,20500,1529900,1520800,1638500,117700,3,No,,No,No,Filled,0,,0,1,0.5,0.5,1,1
EMP0044,Human Resources,HR Business Partner,L2,Chennai,Full-Time,1,2022-01-17,4.7,59700,716400,105800,75400,31600,27900,15100,972200,1013700,964000,-49700,3,No,,No,Yes,Filled,0,,0,1.55,1,0.55,1,1
EMP0045,Finance,Senior Financial Analyst,L1,Pune,Full-Time,1,2024-03-23,2.5,48000,576000,29600,65900,25100,15000,24000,735600,776100,753700,-22400,4,No,,No,No,Filled,0,,0,1.36,1,0.36,1,1
EMP0046,Engineering,Data Engineer,L2,Gurugram,Contract,1,2022-05-08,4.4,85100,1021200,90000,81400,68300,24600,20800,1306300,1357200,1256500,-100700,4,No,,No,No,Filled,0,,0,1.27,1,0.27,1,1
EMP0047,Human Resources,HR Manager,L1,Pune,Full-Time,1,2023-05-12,3.4,40300,483600,58700,41800,36500,15700,7300,643600,627100,675100,48000,3,No,,No,No,Filled,0,,0,1.35,1,0.35,1,1
EMP0048,Finance,Financial Analyst,L4,Mumbai,Full-Time,1,2019-04-22,7.4,106200,1274400,77700,130100,54700,26100,19100,1582100,1531700,1520400,-11300,3,No,,No,No,Filled,0,,0,1.61,1,0.61,1,1
EMP0049,Operations,Process Analyst,L2,Hyderabad,Full-Time,1,2023-04-02,3.5,51000,612000,60100,66600,47700,29700,20100,836200,834200,803500,-30700,3,No,,No,No,Filled,0,,0,1.46,1,0.46,1,1
EMP0050,Engineering,Engineering Manager,L1,Gurugram,Full-Time,1,2026-04-23,0.4,65700,788400,82900,90200,35000,18800,5200,1020500,1027500,976900,-50600,2,Yes,2027-02-04,Yes,No,Filled,1,2026-12,23600,1,1,0,1,1
EMP0051,Human Resources,HR Analyst,L2,Gurugram,Full-Time,1,2021-06-11,5.3,63300,759600,111700,72200,59600,16200,10700,1030000,1078300,1008400,-69900,4,No,,No,No,Filled,0,,0,1.59,1,0.59,1,1
EMP0052,Sales,Account Manager,L4,Gurugram,Full-Time,1,2022-07-01,4.2,95400,1144800,201600,71700,86600,19600,24900,1549200,1498700,1583300,84600,4,No,,No,No,Open,1,2027-01,63600,1.29,1,0.29,2,2
EMP0053,Sales,Account Manager,L1,Hyderabad,Part-Time,0.5,2025-09-25,1,47200,566400,79500,49400,36900,20900,23000,776100,748600,765600,17000,5,No,,No,No,Filled,0,,0,1.03,0.5,0.53,1,1
EMP0054,Operations,Operations Executive,L2,Hyderabad,Full-Time,1,2023-09-17,3,58300,699600,76400,68000,35700,12100,14300,906100,901900,929500,27600,5,Yes,2027-04-04,Yes,No,Filled,1,2027-09,21700,1.6,1,0.6,1,1
EMP0055,Finance,Accountant,L1,Mumbai,Contract,1,2022-01-11,4.7,55900,670800,94400,61800,35100,25900,18700,906700,885200,968700,83500,4,No,,No,No,Filled,0,,0,1.5,1,0.5,1,1
EMP0056,Marketing,Marketing Manager,L3,Gurugram,Full-Time,1,2024-01-21,2.7,92100,1105200,159500,107000,62700,28500,22300,1485200,1432500,1416000,-16500,3,No,,No,No,Filled,1,2027-03,35700,1.49,1,0.49,2,2
EMP0057,Finance,Accountant,L1,Hyderabad,Full-Time,1,2025-09-07,1.1,55900,670800,46700,64200,37100,29300,21800,869900,908000,879400,-28600,4,No,,No,Yes,Open,1,2026-11,37500,1.11,1,0.11,2,2
EMP0058,Human Resources,HR Manager,L2,Bengaluru,Full-Time,1,2026-03-30,0.5,53700,644400,104700,70100,51500,29900,16100,916700,950500,983500,33000,4,No,,No,Yes,Filled,0,,0,1.51,1,0.51,1,1
EMP0059,Human Resources,HR Business Partner,L3,Hyderabad,Full-Time,1,2024-12-14,1.8,76700,920400,99900,62400,71900,21300,9600,1185500,1217700,1221500,3800,3,No,,No,No,Filled,0,,0,1.17,1,0.17,1,1
EMP0060,Marketing,Marketing Manager,L1,Chennai,Full-Time,1,2020-05-04,6.4,41000,492000,67600,44900,34900,19400,22000,680800,691100,696400,5300,4,No,,No,No,Filled,0,,0,1.53,1,0.53,1,1
EMP0061,Marketing,Marketing Manager,L5,Bengaluru,Full-Time,1,2023-01-18,3.7,148300,1779600,120000,109800,124900,21600,19100,2175000,2134300,2104800,-29500,3,Yes,2027-07-01,Yes,No,Filled,1,2026-10,18700,1.17,1,0.17,1,1
EMP0062,Marketing,Digital Marketing Specialist,L2,Pune,Full-Time,1,2019-02-20,7.6,62400,748800,75600,64600,57000,15700,15300,977000,1014500,978500,-36000,4,No,,No,No,Filled,1,2027-05,47200,1.52,1,0.52,2,2
EMP0063,Sales,Sales Executive,L2,Gurugram,Full-Time,1,2019-08-08,7.1,68200,818400,56600,94600,48800,13700,14200,1046300,1107000,1061000,-46000,3,No,,No,No,Filled,0,,0,1.15,1,0.15,1,1
EMP0064,Customer Success,Customer Success Manager,L3,Pune,Full-Time,1,2023-12-19,2.8,68100,817200,66400,52800,36900,10800,8000,992100,966200,1025200,59000,3,No,,No,No,Filled,1,2027-09,26500,1.16,1,0.16,2,2
EMP0065,Sales,Account Manager,L2,Hyderabad,Full-Time,1,2020-10-05,6,67300,807600,90100,80800,37900,12200,5800,1034400,1010500,1020100,9600,3,No,,No,No,Filled,0,,0,1.04,1,0.04,1,1
EMP0066,IT,Cybersecurity Analyst,L1,Hyderabad,Full-Time,1,2024-02-03,2.7,47500,570000,37400,50000,27500,16000,15100,716000,736800,683900,-52900,2,No,,No,No,Filled,0,,0,1.48,1,0.48,1,1
EMP0067,Human Resources,HR Manager,L1,Bengaluru,Full-Time,1,2021-12-24,4.8,47200,566400,34300,63700,43500,9300,10500,727700,757300,762100,4800,5,Yes,2026-12-24,Yes,No,Filled,1,2027-07,26700,1.07,1,0.07,1,1
EMP0068,Marketing,Content Strategist,L1,Chennai,Full-Time,1,2023-07-07,3.2,44100,529200,59800,51400,29000,18200,19900,707500,681800,695300,13500,5,No,,No,No,Filled,1,2027-04,51500,1.55,1,0.55,2,2
EMP0069,Operations,Operations Manager,L1,Bengaluru,Contract,1,2025-06-14,1.3,39700,476400,56800,31600,27600,19700,9800,621900,613800,621300,7500,4,Yes,2027-02-15,Yes,No,Filled,1,2026-12,18900,1.15,1,0.15,1,1
EMP0070,IT,IT Manager,L4,Bengaluru,Contract,1,2023-11-21,2.9,118100,1417200,131200,95200,107200,21100,18600,1790500,1860200,1817000,-43200,4,No,,No,Yes,Filled,0,,0,1,1,0,1,1
EMP0071,Operations,Operations Manager,L3,Bengaluru,Full-Time,1,2024-07-22,2.2,72000,864000,109100,90500,49500,10800,10700,1134600,1130400,1173100,42700,3,No,,No,No,Filled,0,,0,1.32,1,0.32,1,1
EMP0072,Operations,Operations Manager,L2,Pune,Part-Time,0.5,2019-01-05,7.7,50800,609600,108700,58700,30200,10200,8100,825500,812800,801500,-11300,4,No,,No,No,Filled,0,,0,1,0.5,0.5,1,1
EMP0073,IT,IT Manager,L3,Bengaluru,Full-Time,1,2020-06-20,6.3,90400,1084800,78700,123500,46900,19500,13200,1366600,1446200,1318200,-128000,5,No,,No,No,Filled,0,,0,1.2,1,0.2,1,1
EMP0074,Human Resources,HR Analyst,L2,Gurugram,Full-Time,1,2020-01-17,6.7,68500,822000,133600,89600,41400,11800,18400,1116800,1175900,1141800,-34100,3,No,,No,Yes,Open,1,2027-08,44900,1.12,1,0.12,2,2
EMP0075,Finance,Accountant,L4,Hyderabad,Full-Time,1,2022-01-24,4.7,127300,1527600,113500,121300,87100,19200,9800,1878500,1824900,1933700,108800,4,No,,No,No,Filled,0,,0,1.12,1,0.12,1,1
EMP0076,Human Resources,Talent Acquisition Specialist,L2,Bengaluru,Part-Time,0.5,2022-02-05,4.6,62200,746400,52300,66300,45800,9100,11700,931600,906900,892700,-14200,4,No,,No,No,Filled,0,,0,1.05,0.5,0.55,1,1
EMP0077,Engineering,Engineering Manager,L3,Mumbai,Full-Time,1,2026-05-27,0.3,111000,1332000,206800,100300,89600,24700,16900,1770300,1783000,1776600,-6400,4,No,,No,No,Filled,0,,0,1.16,1,0.16,1,1
EMP0078,Customer Success,Team Lead,L4,Bengaluru,Contract,1,2021-09-05,5.1,97700,1172400,185200,138200,52700,24100,23800,1596400,1561500,1530400,-31100,4,No,,No,No,Filled,0,,0,1.44,1,0.44,1,1
EMP0079,Customer Success,Team Lead,L5,Chennai,Contract,1,2024-07-21,2.2,124200,1490400,237600,101900,107000,12400,8300,1957600,1911500,2067000,155500,5,Yes,2027-07-30,Yes,No,Filled,1,2027-05,49300,1.29,1,0.29,1,1
EMP0080,Sales,Business Development Executive,L1,Bengaluru,Full-Time,1,2026-05-05,0.4,44000,528000,86600,44100,38400,17700,12500,727300,731900,719400,-12500,5,Yes,2027-02-13,Yes,No,Filled,1,2027-08,53100,1.27,1,0.27,1,1
EMP0081,Sales,Sales Manager,L3,Mumbai,Full-Time,1,2022-07-21,4.2,76400,916800,153100,76100,56600,27900,17500,1248000,1212700,1338100,125400,4,No,,No,No,Filled,0,,0,1.36,1,0.36,1,1
EMP0082,Human Resources,HR Business Partner,L5,Chennai,Full-Time,1,2020-02-08,6.6,145600,1747200,119000,188100,113200,19700,22900,2210100,2296000,2143200,-152800,4,No,,No,Yes,Filled,0,,0,1.14,1,0.14,1,1
EMP0083,Engineering,Software Engineer,L2,Gurugram,Full-Time,1,2023-03-16,3.5,80500,966000,141700,59900,60700,24800,22500,1275600,1268200,1348000,79800,4,No,,No,No,Filled,0,,0,1,1,0,1,1
EMP0084,Finance,Financial Analyst,L2,Pune,Full-Time,1,2021-09-13,5,72100,865200,57600,72500,62200,11300,9600,1078400,1113200,1125400,12200,4,No,,No,No,Filled,0,,0,1.37,1,0.37,1,1
EMP0085,Engineering,DevOps Engineer,L4,Chennai,Full-Time,1,2019-10-30,6.9,163300,1959600,236200,147200,105500,12000,23200,2483700,2529200,2488900,-40300,4,No,,No,Yes,Filled,0,,0,1.24,1,0.24,1,1
EMP0086,Customer Success,Support Analyst,L2,Hyderabad,Full-Time,1,2023-04-25,3.4,54500,654000,45700,62200,39400,21500,5400,828200,867300,887100,19800,5,Yes,2027-04-14,Yes,No,Filled,1,2027-09,44600,1.41,1,0.41,1,1
EMP0087,Marketing,Marketing Executive,L5,Chennai,Full-Time,1,2019-02-03,7.7,169400,2032800,288500,140600,128200,21300,13500,2624900,2713200,2812500,99300,4,No,,No,No,Filled,0,,0,1.57,1,0.57,1,1
EMP0088,IT,Cybersecurity Analyst,L3,Bengaluru,Full-Time,1,2022-12-14,3.8,94700,1136400,73500,135300,83600,10700,23400,1462900,1531600,1488400,-43200,3,No,,No,No,Filled,0,,0,1.33,1,0.33,1,1
EMP0089,Finance,Financial Analyst,L4,Chennai,Full-Time,1,2023-12-11,2.8,115600,1387200,79200,111100,100000,8100,11700,1697300,1697000,1731000,34000,2,No,,No,No,Filled,0,,0,1.56,1,0.56,1,1
EMP0090,Customer Success,Customer Success Manager,L1,Mumbai,Part-Time,0.5,2023-02-07,3.6,35000,420000,39900,43800,24400,12900,14000,555000,540600,540000,-600,4,No,,No,No,Filled,0,,0,1,0.5,0.5,1,1
EMP0091,IT,Cybersecurity Analyst,L3,Hyderabad,Full-Time,1,2024-04-02,2.5,93800,1125600,190100,92000,71200,21900,5300,1506100,1545800,1465700,-80100,5,No,,No,No,Filled,0,,0,1.59,1,0.59,1,1
EMP0092,Customer Success,Support Analyst,L1,Pune,Full-Time,1,2025-01-06,1.7,33100,397200,41300,25900,31700,19000,16900,532000,514300,557300,43000,3,No,,No,No,Filled,0,,0,1.07,1,0.07,1,1
EMP0093,Operations,Operations Executive,L3,Pune,Full-Time,1,2025-04-18,1.5,78800,945600,72500,67600,39200,18400,16300,1159600,1120800,1218500,97700,3,No,,No,No,Filled,0,,0,1.24,1,0.24,1,1
EMP0094,Marketing,Content Strategist,L1,Gurugram,Contract,1,2022-05-31,4.3,46000,552000,59200,46400,34400,11400,8600,712000,744900,764000,19100,5,Yes,2027-01-29,Yes,No,Filled,1,2027-05,35500,1.11,1,0.11,1,1
EMP0095,Operations,Quality Analyst,L2,Chennai,Full-Time,1,2023-08-27,3.1,54800,657600,67800,40500,30400,23800,18200,838300,807000,820600,13600,4,No,,No,No,Open,1,2027-02,28900,1.39,1,0.39,2,2
EMP0096,Engineering,Engineering Manager,L1,Pune,Contract,1,2023-01-25,3.7,56400,676800,43000,73100,31900,22400,9800,857000,831200,841200,10000,3,No,,No,No,Open,1,2027-03,51900,1.52,1,0.52,2,2
EMP0097,Engineering,DevOps Engineer,L1,Gurugram,Contract,1,2024-02-06,2.6,70400,844800,85900,84600,40700,14400,22900,1093300,1051000,1050800,-200,3,No,,No,No,Open,1,2026-10,27800,1,1,0,2,2
EMP0098,Operations,Process Analyst,L5,Mumbai,Full-Time,1,2025-03-20,1.5,120800,1449600,182400,123600,109700,26000,11800,1903100,1876300,1901900,25600,3,No,,No,No,Filled,0,,0,1.33,1,0.33,1,1
EMP0099,Engineering,Engineering Manager,L3,Bengaluru,Contract,1,2025-01-21,1.7,109300,1311600,172000,110900,81400,17600,10900,1704400,1797900,1788400,-9500,3,No,,No,No,Filled,1,2027-01,24600,1.53,1,0.53,2,2
EMP0100,Operations,Operations Executive,L1,Gurugram,Full-Time,1,2023-09-21,3,39500,474000,78800,51200,27000,8500,10400,649900,659100,670900,11800,4,No,,No,No,Filled,0,,0,1.1,1,0.1,1,1
EMP0101,Sales,Business Development Executive,L2,Mumbai,Full-Time,1,2026-05-22,0.4,55100,661200,104800,78700,40400,11800,10400,907300,872700,969800,97100,4,No,,No,No,Filled,0,,0,1,1,0,1,1
EMP0102,Customer Success,Team Lead,L3,Pune,Full-Time,1,2023-12-22,2.8,67100,805200,68900,75100,53200,26300,9100,1037800,997400,1004400,7000,2,Yes,2027-08-08,Yes,No,Filled,1,2027-07,60300,1.53,1,0.53,1,1
EMP0103,Operations,Quality Analyst,L5,Mumbai,Full-Time,1,2024-09-01,2.1,135400,1624800,208100,162300,76400,28100,13400,2113100,2109500,2150000,40500,4,Yes,2026-11-28,Yes,No,Filled,1,2027-06,20200,1.04,1,0.04,1,1
EMP0104,Human Resources,HR Manager,L2,Bengaluru,Full-Time,1,2024-02-01,2.7,64800,777600,47200,74800,38700,16600,10800,965700,961400,1007700,46300,4,No,,No,No,Filled,0,,0,1.13,1,0.13,1,1
EMP0105,Finance,Accountant,L1,Gurugram,Full-Time,1,2020-01-31,6.7,50400,604800,67700,60400,46900,24100,9300,813200,783200,800300,17100,4,No,,No,No,Filled,0,,0,1.34,1,0.34,1,1
EMP0106,Operations,Operations Executive,L2,Chennai,Contract,1,2023-09-29,3,46500,558000,63900,53500,29800,25000,7100,737300,713300,770200,56900,5,No,,No,No,Filled,0,,0,1.27,1,0.27,1,1
EMP0107,Human Resources,HR Analyst,L3,Bengaluru,Part-Time,0.5,2022-12-05,3.8,86300,1035600,110300,77400,75400,25600,18900,1343200,1326000,1379100,53100,5,No,,No,No,Filled,0,,0,1,0.5,0.5,1,1
EMP0108,Engineering,Data Engineer,L4,Chennai,Full-Time,1,2021-01-08,5.7,138400,1660800,281100,113300,129600,17800,8700,2211300,2242700,2351700,109000,3,No,,No,Yes,Open,1,2027-03,52400,1.48,1,0.48,2,2
EMP0109,Engineering,Senior Software Engineer,L3,Mumbai,Full-Time,1,2019-10-13,7,121400,1456800,203900,161600,72800,18800,9400,1923300,2036300,2063200,26900,3,No,,No,Yes,Filled,0,,0,1,1,0,1,1
EMP0110,Customer Success,Team Lead,L2,Hyderabad,Full-Time,1,2022-08-21,4.1,51400,616800,105000,43700,38700,28100,5700,838000,862900,828500,-34400,4,No,,No,Yes,Filled,0,,0,1.57,1,0.57,1,1
EMP0111,Engineering,Software Engineer,L1,Chennai,Full-Time,1,2025-10-22,0.9,72800,873600,150900,77300,65100,26600,11400,1204900,1256600,1150500,-106100,4,No,,No,No,Filled,0,,0,1.34,1,0.34,1,1
EMP0112,Marketing,Content Strategist,L2,Hyderabad,Full-Time,1,2023-06-07,3.3,56500,678000,44500,43800,46000,15500,19500,847300,818900,839700,20800,5,Yes,2027-01-13,Yes,No,Filled,1,2026-12,43400,1.47,1,0.47,1,1
EMP0113,Marketing,Marketing Manager,L2,Gurugram,Full-Time,1,2023-10-30,2.9,58000,696000,91400,78800,45000,13100,5500,929800,973500,885900,-87600,3,No,,No,No,Filled,0,,0,1.53,1,0.53,1,1
EMP0114,Operations,Operations Executive,L2,Chennai,Full-Time,1,2019-03-18,7.5,53200,638400,109900,68900,51000,15700,20300,904200,904400,915400,11000,4,Yes,2027-03-10,Yes,No,Filled,1,2027-09,47500,1.53,1,0.53,1,1
EMP0115,Customer Success,Support Analyst,L1,Gurugram,Contract,1,2020-12-04,5.8,41200,494400,74100,42100,28100,24200,9800,672700,653200,670100,16900,5,No,,No,No,Filled,1,2026-11,31500,1.13,1,0.13,2,2
EMP0116,Human Resources,HR Manager,L2,Mumbai,Full-Time,1,2022-06-24,4.3,56600,679200,37700,41500,54000,17400,12700,842500,866100,824300,-41800,4,No,,No,No,Filled,0,,0,1.58,1,0.58,1,1
EMP0117,Human Resources,HR Business Partner,L2,Chennai,Full-Time,1,2021-08-25,5.1,65500,786000,48400,66900,59100,28800,14300,1003500,1024900,975100,-49800,3,No,,No,No,Filled,0,,0,1.61,1,0.61,1,1
EMP0118,Sales,Account Manager,L4,Chennai,Full-Time,1,2025-04-28,1.4,101800,1221600,210800,120900,78600,19300,9600,1660800,1623700,1625400,1700,4,No,,No,No,Filled,0,,0,1.05,1,0.05,1,1
EMP0119,Operations,Operations Manager,L1,Gurugram,Full-Time,1,2026-01-30,0.7,42500,510000,48700,32400,40200,27400,23600,682300,722900,663600,-59300,3,No,,No,Yes,Filled,0,,0,1.2,1,0.2,1,1
EMP0120,IT,IT Support Analyst,L1,Hyderabad,Full-Time,1,2020-01-05,6.7,56900,682800,95900,47300,49600,12900,9500,898000,910300,922300,12000,4,No,,No,No,Filled,0,,0,1.33,1,0.33,1,1
EMP0121,Engineering,DevOps Engineer,L4,Mumbai,Full-Time,1,2022-08-09,4.1,138400,1660800,272500,126100,75000,27600,24100,2186100,2287100,2306900,19800,4,No,,No,Yes,Open,1,2027-05,48800,1.31,1,0.31,2,2
EMP0122,Sales,Sales Manager,L5,Gurugram,Full-Time,1,2020-12-07,5.8,135500,1626000,167600,133900,81900,23900,14900,2048200,1982900,2004400,21500,2,No,,No,No,Filled,0,,0,1.4,1,0.4,1,1
EMP0123,Operations,Operations Manager,L4,Pune,Full-Time,1,2022-10-17,4,84300,1011600,162500,90700,59900,21000,21500,1367200,1360100,1419300,59200,4,Yes,2027-08-20,Yes,No,Filled,1,2026-11,44600,1.11,1,0.11,1,1
EMP0124,Customer Success,Support Analyst,L1,Chennai,Contract,1,2025-10-04,1,40200,482400,74100,48000,35700,27100,19200,686500,716500,714400,-2100,5,No,,No,No,Filled,0,,0,1.4,1,0.4,1,1
EMP0125,Customer Success,Customer Success Manager,L2,Gurugram,Full-Time,1,2023-03-23,3.5,50300,603600,89200,42000,45400,27200,5600,813000,847600,786000,-61600,4,No,,No,No,Filled,0,,0,1.15,1,0.15,1,1
EMP0126,Sales,Business Development Executive,L2,Gurugram,Full-Time,1,2021-01-08,5.7,64800,777600,55100,84800,57000,19200,5100,998800,987500,1029000,41500,5,No,,No,No,Filled,0,,0,1.61,1,0.61,1,1
EMP0127,Finance,Financial Analyst,L1,Gurugram,Full-Time,1,2025-01-19,1.7,51200,614400,51500,60200,37800,25200,7100,796200,824900,812400,-12500,5,No,,No,Yes,Filled,0,,0,1.59,1,0.59,1,1
EMP0128,Finance,Accountant,L1,Bengaluru,Part-Time,0.5,2026-01-02,0.7,47400,568800,75200,65900,25100,28600,18800,782400,756400,773900,17500,5,No,,No,No,Filled,0,,0,1,0.5,0.5,1,1
EMP0129,Human Resources,HR Manager,L2,Chennai,Full-Time,1,2021-08-16,5.1,53900,646800,81300,52200,41900,9000,22400,853600,902600,918400,15800,4,No,,No,No,Filled,0,,0,1.44,1,0.44,1,1
EMP0130,Operations,Quality Analyst,L2,Hyderabad,Full-Time,1,2024-08-21,2.1,47600,571200,84900,35100,23400,15100,14800,744500,772100,773400,1300,4,No,,No,No,Filled,0,,0,1.23,1,0.23,1,1
EMP0131,Marketing,Marketing Executive,L2,Hyderabad,Full-Time,1,2020-02-25,6.6,57200,686400,123300,58700,39800,11600,20900,940700,968300,920700,-47600,4,No,,No,No,Filled,0,,0,1,1,0,1,1
EMP0132,IT,Systems Administrator,L3,Gurugram,Contract,1,2021-06-28,5.3,100500,1206000,162900,92100,94100,11300,13600,1580000,1665900,1587200,-78700,5,No,,No,No,Filled,0,,0,1.37,1,0.37,1,1
EMP0133,Operations,Process Analyst,L2,Gurugram,Full-Time,1,2019-04-26,7.4,51300,615600,52700,73300,34700,27700,9600,813600,798400,776200,-22200,3,Yes,2027-03-21,Yes,No,Filled,1,2027-02,48600,1.18,1,0.18,1,1
EMP0134,IT,Systems Administrator,L3,Pune,Full-Time,1,2019-01-22,7.7,105200,1262400,140800,149100,59900,27100,20500,1659800,1721400,1759100,37700,5,Yes,2027-01-19,Yes,No,Filled,1,2027-09,53800,1.36,1,0.36,1,1
EMP0135,Customer Success,Customer Support Executive,L3,Bengaluru,Full-Time,1,2019-07-15,7.2,59300,711600,38600,82000,46000,25500,14600,918300,892300,887300,-5000,3,No,,No,No,Filled,0,,0,1.4,1,0.4,1,1
EMP0136,IT,IT Support Analyst,L2,Mumbai,Full-Time,1,2020-08-11,6.1,69700,836400,63600,74900,35600,20800,10400,1041700,1083100,1031600,-51500,3,Yes,2027-03-30,Yes,No,Filled,1,2027-08,39400,1,1,0,1,1
EMP0137,Sales,Sales Manager,L1,Mumbai,Full-Time,1,2024-09-10,2.1,40500,486000,49100,43200,31100,14400,18900,642700,672300,675700,3400,4,No,,No,No,Filled,0,,0,1,1,0,1,1
EMP0138,Marketing,Marketing Executive,L2,Gurugram,Full-Time,1,2026-05-15,0.4,60600,727200,46300,54200,57800,11100,15000,911600,931500,949300,17800,4,No,,No,No,Filled,1,2027-06,44300,1,1,0,2,2
EMP0139,Operations,Process Analyst,L3,Chennai,Full-Time,1,2024-05-14,2.4,68000,816000,95700,53300,44100,8700,6600,1024400,1024100,990900,-33200,4,No,,No,Yes,Filled,0,,0,1.32,1,0.32,1,1
EMP0140,Marketing,Digital Marketing Specialist,L1,Bengaluru,Part-Time,0.5,2022-07-16,4.2,48000,576000,88700,41500,26900,10300,17700,761100,784400,726200,-58200,5,No,,No,No,Filled,0,,0,1.02,0.5,0.52,1,1
EMP0141,Human Resources,HR Business Partner,L2,Gurugram,Part-Time,0.5,2022-09-21,4,53600,643200,77400,66000,48100,23700,21000,879400,874100,928600,54500,3,No,,No,No,Filled,0,,0,1,0.5,0.5,1,1
EMP0142,Customer Success,Support Analyst,L5,Pune,Full-Time,1,2023-02-13,3.6,134600,1615200,195700,176100,93800,22200,15500,2118500,2188700,2035100,-153600,5,No,,No,No,Filled,1,2027-07,20800,1.09,1,0.09,2,2
EMP0143,Finance,Finance Manager,L2,Gurugram,Full-Time,1,2022-04-25,4.4,60000,720000,117600,52700,56900,15400,8600,971200,1009000,1005800,-3200,3,No,,No,No,Filled,0,,0,1.27,1,0.27,1,1
EMP0144,Engineering,Engineering Manager,L2,Pune,Full-Time,1,2019-08-23,7.1,87500,1050000,150700,77400,83800,29400,18000,1409300,1381000,1463500,82500,2,No,,No,No,Filled,0,,0,1,1,0,1,1
EMP0145,Engineering,Senior Software Engineer,L3,Chennai,Full-Time,1,2019-05-23,7.4,101900,1222800,102100,107300,91400,24000,19900,1567500,1571500,1559600,-11900,3,No,,No,No,Filled,0,,0,1.18,1,0.18,1,1
EMP0146,Engineering,Data Engineer,L1,Pune,Contract,1,2023-03-04,3.6,73100,877200,48400,98300,55400,17600,19500,1116400,1126100,1187300,61200,4,Yes,2026-12-10,Yes,No,Filled,1,2027-08,60300,1.22,1,0.22,1,1
EMP0147,Marketing,Digital Marketing Specialist,L4,Gurugram,Full-Time,1,2024-08-06,2.1,103100,1237200,157100,142000,59900,21700,17600,1635500,1690000,1581700,-108300,4,No,,No,Yes,Filled,0,,0,1.42,1,0.42,1,1
EMP0148,Human Resources,Talent Acquisition Specialist,L1,Pune,Full-Time,1,2020-07-09,6.2,50600,607200,44500,45100,47900,12000,22100,778800,786000,764900,-21100,5,No,,No,No,Filled,1,2027-08,58900,1.23,1,0.23,2,2
EMP0149,Operations,Operations Manager,L3,Mumbai,Full-Time,1,2022-05-13,4.4,71500,858000,83000,82000,39900,16600,24400,1103900,1088200,1143000,54800,5,No,,No,No,Filled,0,,0,1.15,1,0.15,1,1
EMP0150,Human Resources,HR Executive,L5,Bengaluru,Full-Time,1,2024-07-16,2.2,163300,1959600,131300,231600,114000,13200,6500,2456200,2399600,2499400,99800,2,No,,No,No,Filled,0,,0,1.16,1,0.16,1,1
EMP0151,Sales,Sales Executive,L2,Chennai,Full-Time,1,2024-11-23,1.9,66200,794400,84200,59500,51400,23500,8300,1021300,997600,975100,-22500,4,No,,No,No,Filled,0,,0,1.44,1,0.44,1,1
EMP0152,Sales,Business Development Executive,L2,Mumbai,Full-Time,1,2025-03-08,1.6,63600,763200,85300,84400,55100,20900,22400,1031300,1011300,994700,-16600,4,No,,No,No,Filled,0,,0,1.11,1,0.11,1,1
EMP0153,Engineering,Software Engineer,L2,Hyderabad,Full-Time,1,2022-08-14,4.1,76100,913200,108700,106100,38000,10700,14000,1190700,1254300,1180100,-74200,5,No,,No,No,Filled,0,,0,1.28,1,0.28,1,1
EMP0154,Sales,Sales Manager,L1,Mumbai,Full-Time,1,2026-01-04,0.7,40100,481200,33300,57400,37800,8100,24000,641800,657100,682100,25000,3,No,,No,No,Filled,0,,0,1.24,1,0.24,1,1
EMP0155,Finance,Senior Financial Analyst,L3,Chennai,Contract,1,2022-10-14,4,89400,1072800,121800,107300,48900,8700,11200,1370700,1412500,1338100,-74400,5,No,,No,No,Filled,1,2027-08,49700,1.6,1,0.6,2,2
EMP0156,Marketing,Digital Marketing Specialist,L3,Pune,Full-Time,1,2019-05-05,7.4,73300,879600,120900,76200,65700,11900,18900,1173200,1224600,1258600,34000,4,No,,No,No,Open,1,2027-05,50100,1.27,1,0.27,2,2
EMP0157,Human Resources,HR Manager,L1,Gurugram,Full-Time,1,2020-10-09,6,47100,565200,92100,53300,23300,28500,18800,781200,802800,764000,-38800,4,No,,No,No,Filled,0,,0,1.38,1,0.38,1,1
EMP0158,Operations,Operations Manager,L5,Bengaluru,Full-Time,1,2024-10-10,2,128200,1538400,207200,102100,102000,30000,6000,1985700,2100300,1991500,-108800,4,No,,No,No,Filled,0,,0,1.53,1,0.53,1,1
EMP0159,Sales,Sales Executive,L1,Pune,Part-Time,0.5,2023-09-09,3.1,49100,589200,72900,61500,44300,16900,11500,796300,817600,840100,22500,3,No,,No,No,Filled,0,,0,1,0.5,0.5,1,1
EMP0160,Operations,Process Analyst,L3,Pune,Contract,1,2024-03-27,2.5,76900,922800,98400,100600,41300,20000,5100,1188200,1179200,1185400,6200,4,No,,No,Yes,Open,1,2027-06,36600,1.41,1,0.41,2,2
EMP0161,IT,Systems Administrator,L1,Hyderabad,Full-Time,1,2022-02-26,4.6,51700,620400,67200,46100,34100,13000,6500,787300,803300,816300,13000,4,No,,No,No,Filled,0,,0,1.35,1,0.35,1,1
EMP0162,Sales,Business Development Executive,L1,Hyderabad,Full-Time,1,2023-07-10,3.2,45200,542400,53900,60600,33000,18500,5500,713900,709700,713500,3800,4,No,,No,No,Filled,0,,0,1.2,1,0.2,1,1
EMP0163,Sales,Business Development Executive,L2,Mumbai,Full-Time,1,2025-12-27,0.8,62200,746400,89100,72000,52700,25900,19400,1005500,1061400,957600,-103800,4,Yes,2026-11-19,Yes,No,Filled,1,2027-03,27200,1,1,0,1,1
EMP0164,Operations,Process Analyst,L1,Mumbai,Full-Time,1,2019-06-14,7.3,41100,493200,82200,36800,38000,9300,23700,683200,679900,658000,-21900,2,Yes,2027-03-20,Yes,No,Filled,1,2026-12,40800,1.1,1,0.1,1,1
EMP0165,Finance,Finance Manager,L4,Hyderabad,Full-Time,1,2025-11-30,0.8,112000,1344000,120900,145400,82700,14800,17200,1725000,1779500,1699900,-79600,4,No,,No,No,Filled,0,,0,1.21,1,0.21,1,1
EMP0166,Marketing,Content Strategist,L3,Hyderabad,Full-Time,1,2020-03-24,6.5,73900,886800,65200,89400,41900,19600,19200,1122100,1089200,1148800,59600,5,No,,No,No,Filled,0,,0,1.1,1,0.1,1,1
EMP0167,Engineering,Data Engineer,L2,Chennai,Full-Time,1,2025-06-27,1.3,96900,1162800,131200,126000,72100,9000,17700,1518800,1602500,1561600,-40900,4,No,,No,No,Filled,0,,0,1.49,1,0.49,1,1
EMP0168,Customer Success,Customer Success Manager,L3,Bengaluru,Full-Time,1,2020-03-26,6.5,72500,870000,69300,63300,56100,17000,21800,1097500,1152400,1093000,-59400,3,No,,No,No,Filled,0,,0,1.09,1,0.09,1,1
EMP0169,IT,IT Support Analyst,L3,Mumbai,Full-Time,1,2022-08-24,4.1,103100,1237200,106100,135300,70500,22700,6900,1578700,1614000,1592500,-21500,5,No,,No,No,Open,1,2027-05,45600,1.04,1,0.04,2,2
EMP0170,Operations,Operations Manager,L3,Chennai,Full-Time,1,2021-12-18,4.8,75700,908400,147300,66300,39800,8500,17800,1188100,1212700,1213100,400,4,No,,No,No,Filled,0,,0,1.08,1,0.08,1,1
EMP0171,Marketing,Marketing Manager,L3,Chennai,Full-Time,1,2022-07-22,4.2,79800,957600,121900,86000,76100,11000,18900,1271500,1272000,1278700,6700,4,No,,No,No,Filled,0,,0,1.42,1,0.42,1,1
EMP0172,Customer Success,Team Lead,L3,Bengaluru,Full-Time,1,2022-03-24,4.5,69100,829200,148300,56100,36600,23900,16600,1110700,1096700,1066600,-30100,5,Yes,2027-05-15,Yes,No,Filled,1,2027-01,22000,1.55,1,0.55,1,1
EMP0173,Human Resources,Talent Acquisition Specialist,L1,Mumbai,Full-Time,1,2020-07-16,6.2,41900,502800,46300,37000,27300,9500,15400,638300,617100,672800,55700,3,No,,No,No,Filled,0,,0,1.08,1,0.08,1,1
EMP0174,Human Resources,HR Analyst,L1,Pune,Full-Time,1,2024-04-18,2.5,46200,554400,91100,54900,34000,15100,11700,761200,781700,821500,39800,3,No,,No,Yes,Filled,0,,0,1.38,1,0.38,1,1
EMP0175,Customer Success,Team Lead,L2,Bengaluru,Full-Time,1,2022-03-22,4.5,49500,594000,86100,52200,25200,20400,24200,802100,784100,833900,49800,3,No,,No,No,Filled,0,,0,1.06,1,0.06,1,1
EMP0176,Engineering,Senior Software Engineer,L2,Bengaluru,Contract,1,2019-05-29,7.3,87100,1045200,65400,91000,73400,15600,18300,1308900,1360700,1401200,40500,5,No,,No,No,Open,1,2027-02,29000,1.2,1,0.2,2,2
EMP0177,Engineering,Software Engineer,L1,Mumbai,Full-Time,1,2022-10-04,4,58700,704400,126100,81400,43400,26500,15400,997200,1019500,958900,-60600,3,No,,No,No,Filled,0,,0,1.45,1,0.45,1,1
EMP0178,IT,Cybersecurity Analyst,L1,Gurugram,Full-Time,1,2024-02-23,2.6,48000,576000,90700,61600,39400,8800,11100,787600,776800,785100,8300,4,No,,No,Yes,Filled,0,,0,1,1,0,1,1
EMP0179,Human Resources,HR Analyst,L2,Chennai,Part-Time,0.5,2023-10-18,3,68000,816000,99500,63900,45600,17800,17000,1059800,1072100,1133500,61400,4,Yes,2026-11-18,Yes,No,Filled,1,2027-03,41400,1.05,0.5,0.55,1,1
EMP0180,Human Resources,HR Executive,L1,Bengaluru,Full-Time,1,2021-12-29,4.8,49900,598800,46200,69400,26700,26000,12600,779700,817000,828700,11700,5,No,,No,No,Filled,0,,0,1.48,1,0.48,1,1
EMP0181,Human Resources,HR Executive,L3,Pune,Full-Time,1,2023-07-19,3.2,88600,1063200,95300,69000,59700,11800,18900,1317900,1310800,1419200,108400,4,No,,No,No,Filled,0,,0,1.37,1,0.37,1,1
EMP0182,Marketing,Marketing Manager,L2,Bengaluru,Contract,1,2024-05-12,2.4,66100,793200,53300,88600,61000,18700,17100,1031900,1069500,1003800,-65700,3,No,,No,No,Filled,0,,0,1.27,1,0.27,1,1
EMP0183,IT,Systems Administrator,L3,Chennai,Full-Time,1,2019-12-02,6.8,93300,1119600,77300,91900,47800,8600,7700,1352900,1429100,1381900,-47200,4,No,,No,No,Filled,1,2027-06,63400,1.22,1,0.22,2,2
EMP0184,Human Resources,Talent Acquisition Specialist,L2,Bengaluru,Full-Time,1,2024-11-01,1.9,57900,694800,80500,60000,30700,22100,9300,897400,917100,928400,11300,4,No,,No,No,Filled,0,,0,1.03,1,0.03,1,1
EMP0185,IT,IT Support Analyst,L2,Mumbai,Full-Time,1,2025-04-28,1.4,62800,753600,114200,66000,31900,29900,6200,1001800,1031400,1079800,48400,2,No,,No,No,Filled,0,,0,1.09,1,0.09,1,1
EMP0186,Engineering,Senior Software Engineer,L2,Gurugram,Full-Time,1,2019-09-19,7,78100,937200,61600,73300,41300,23200,6200,1142800,1155300,1233700,78400,4,Yes,2026-11-05,Yes,No,Filled,1,2027-02,56300,1.35,1,0.35,1,1
EMP0187,Customer Success,Customer Success Manager,L3,Chennai,Contract,1,2026-03-30,0.5,62400,748800,98200,68600,42700,10900,22700,991900,996800,967400,-29400,5,No,,No,No,Filled,0,,0,1.18,1,0.18,1,1
EMP0188,Customer Success,Team Lead,L1,Chennai,Part-Time,0.5,2020-06-28,6.3,35700,428400,67500,44600,30300,8200,13300,592300,597100,564200,-32900,4,No,,No,No,Filled,0,,0,1,0.5,0.5,1,1
EMP0189,Human Resources,HR Executive,L3,Hyderabad,Full-Time,1,2025-02-08,1.6,87900,1054800,71500,97200,51300,8300,9800,1292900,1367400,1363000,-4400,4,No,,No,No,Filled,0,,0,1.59,1,0.59,1,1
EMP0190,Human Resources,HR Executive,L1,Chennai,Full-Time,1,2019-03-06,7.6,45500,546000,35100,50700,31800,26600,7000,697200,703400,675900,-27500,3,Yes,2027-08-01,Yes,Yes,Filled,1,2027-09,33300,1.44,1,0.44,1,1
EMP0191,Engineering,Senior Software Engineer,L3,Pune,Full-Time,1,2025-01-19,1.7,115700,1388400,137300,116200,81100,25300,22800,1771100,1869500,1863700,-5800,3,No,,No,Yes,Filled,0,,0,1.14,1,0.14,1,1
EMP0192,Operations,Operations Manager,L1,Bengaluru,Contract,1,2024-11-05,1.9,41600,499200,53400,37600,36800,8800,23000,658800,662900,680400,17500,3,No,,No,Yes,Open,1,2027-09,49000,1.55,1,0.55,2,2
EMP0193,Finance,Accountant,L2,Gurugram,Contract,1,2026-03-20,0.5,68400,820800,106500,52500,49900,11300,19700,1060700,1072600,1101500,28900,4,No,,No,No,Filled,0,,0,1,1,0,1,1
EMP0194,Customer Success,Customer Success Manager,L3,Pune,Full-Time,1,2021-07-12,5.2,58500,702000,100500,45200,30100,8300,24100,910200,940900,906500,-34400,3,No,,No,No,Filled,0,,0,1.13,1,0.13,1,1
EMP0195,Customer Success,Customer Success Manager,L2,Hyderabad,Full-Time,1,2026-04-02,0.5,46800,561600,84600,56000,26600,11800,7000,747600,767100,784500,17400,2,No,,No,No,Filled,0,,0,1.11,1,0.11,1,1
EMP0196,Engineering,Engineering Manager,L2,Mumbai,Full-Time,1,2019-10-26,6.9,75300,903600,54800,106700,46800,24900,17500,1154300,1152200,1127500,-24700,3,No,,No,No,Filled,0,,0,1,1,0,1,1
EMP0197,Operations,Operations Manager,L4,Gurugram,Full-Time,1,2021-02-17,5.6,97900,1174800,177000,115900,71900,8900,24400,1572900,1635600,1554100,-81500,5,Yes,2027-06-03,Yes,No,Filled,1,2027-09,64100,1.34,1,0.34,1,1
EMP0198,Human Resources,HR Manager,L4,Mumbai,Full-Time,1,2022-03-05,4.6,112000,1344000,197900,146100,89100,10800,11800,1799700,1894700,1762300,-132400,4,No,,No,No,Filled,0,,0,1.18,1,0.18,1,1
EMP0199,IT,IT Manager,L1,Chennai,Full-Time,1,2022-08-04,4.2,52300,627600,67200,60700,48800,13300,7400,825000,808300,878900,70600,5,No,,No,No,Filled,0,,0,1.37,1,0.37,1,1
EMP0200,Finance,Financial Analyst,L1,Mumbai,Full-Time,1,2023-09-07,3.1,46700,560400,87500,62600,41400,28200,10000,790100,818200,797900,-20300,3,No,,No,No,Filled,0,,0,1.51,1,0.51,1,1
EMP0201,Operations,Operations Manager,L3,Pune,Contract,1,2026-03-13,0.6,75600,907200,136900,90100,42700,20000,24700,1221600,1287200,1167400,-119800,4,No,,No,No,Filled,0,,0,1.04,1,0.04,1,1
EMP0202,IT,Systems Administrator,L4,Mumbai,Contract,1,2019-08-29,7.1,115400,1384800,199900,151000,67200,19100,21800,1843800,1905200,1881600,-23600,4,No,,No,Yes,Filled,0,,0,1.33,1,0.33,1,1
EMP0203,Engineering,Software Engineer,L2,Chennai,Full-Time,1,2020-09-10,6.1,86500,1038000,92100,97500,70100,27200,17700,1342600,1391100,1303400,-87700,2,No,,No,No,Filled,0,,0,1.24,1,0.24,1,1
EMP0204,IT,IT Manager,L1,Mumbai,Full-Time,1,2019-02-18,7.6,46300,555600,45600,57600,44300,10200,13000,726300,755400,709200,-46200,2,No,,No,No,Filled,0,,0,1.31,1,0.31,1,1
EMP0205,Customer Success,Customer Success Manager,L1,Gurugram,Full-Time,1,2021-09-14,5,38800,465600,60600,33200,25200,25200,16100,625900,601200,656500,55300,3,No,,No,No,Filled,0,,0,1,1,0,1,1
EMP0206,Operations,Quality Analyst,L2,Bengaluru,Contract,1,2021-07-14,5.2,56200,674400,51500,79200,36900,15200,8000,865200,857000,920500,63500,3,No,,No,Yes,Open,1,2027-08,64800,1.18,1,0.18,2,2
EMP0207,Engineering,Software Engineer,L2,Pune,Full-Time,1,2019-08-18,7.1,85100,1021200,146900,115600,65100,16600,13300,1378700,1419500,1310300,-109200,4,No,,No,Yes,Filled,0,,0,1.35,1,0.35,1,1
EMP0208,Operations,Operations Executive,L4,Gurugram,Full-Time,1,2025-05-10,1.4,91400,1096800,168100,71900,69700,18600,17800,1442900,1394500,1479500,85000,4,Yes,2026-11-08,Yes,No,Filled,1,2027-06,44400,1.31,1,0.31,1,1
EMP0209,Engineering,Senior Software Engineer,L4,Hyderabad,Full-Time,1,2021-04-28,5.4,159600,1915200,264200,207400,97300,26200,15000,2525300,2443700,2418300,-25400,4,No,,No,Yes,Filled,0,,0,1.15,1,0.15,1,1
EMP0210,Sales,Sales Manager,L1,Bengaluru,Full-Time,1,2023-05-13,3.4,49100,589200,83700,63200,35800,17700,7900,797500,791800,802600,10800,4,No,,No,No,Filled,0,,0,1,1,0,1,1
EMP0211,Sales,Sales Manager,L1,Pune,Full-Time,1,2019-11-08,6.9,42300,507600,64900,52900,40600,28500,17900,712400,713900,735700,21800,3,No,,No,No,Filled,0,,0,1.47,1,0.47,1,1
EMP0212,Engineering,Engineering Manager,L3,Pune,Full-Time,1,2022-12-28,3.8,104600,1255200,129600,138600,69500,20600,16800,1630300,1595200,1625600,30400,4,No,,No,No,Filled,0,,0,1.15,1,0.15,1,1
EMP0213,Marketing,Digital Marketing Specialist,L3,Gurugram,Full-Time,1,2023-04-06,3.5,71900,862800,45900,94800,43900,19400,11000,1077800,1136100,1060200,-75900,4,No,,No,No,Filled,1,2026-10,38200,1.53,1,0.53,2,2
EMP0214,Marketing,Content Strategist,L2,Hyderabad,Full-Time,1,2019-12-24,6.8,66400,796800,59100,86200,46500,18600,7700,1014900,982500,1060200,77700,3,No,,No,No,Filled,1,2027-03,41300,1.23,1,0.23,2,2
EMP0215,Sales,Sales Manager,L3,Gurugram,Full-Time,1,2023-05-08,3.4,87200,1046400,156500,72800,67400,11000,20000,1374100,1409400,1476300,66900,4,No,,No,No,Open,1,2027-01,21200,1,1,0,2,2
EMP0216,Finance,Accountant,L1,Hyderabad,Full-Time,1,2024-07-12,2.2,46600,559200,47000,41800,42600,13500,10400,714500,740200,720500,-19700,3,No,,No,No,Filled,0,,0,1.46,1,0.46,1,1
EMP0217,Operations,Operations Manager,L4,Chennai,Full-Time,1,2025-08-29,1.1,84000,1008000,114300,62500,42800,27900,7800,1263300,1280000,1267600,-12400,4,No,,No,No,Filled,0,,0,1.16,1,0.16,1,1
EMP0218,Customer Success,Support Analyst,L2,Pune,Full-Time,1,2026-04-20,0.4,53900,646800,34200,64600,50800,20300,23700,840400,811200,844100,32900,5,Yes,2027-03-14,Yes,No,Filled,1,2027-05,30200,1.43,1,0.43,1,1
EMP0219,Operations,Process Analyst,L4,Hyderabad,Full-Time,1,2026-02-05,0.6,107200,1286400,107200,127700,61600,20400,14300,1617600,1710100,1664700,-45400,4,No,,No,No,Filled,0,,0,1.16,1,0.16,1,1
EMP0220,Customer Success,Support Analyst,L1,Mumbai,Full-Time,1,2025-02-12,1.6,32800,393600,27400,28900,19700,26700,16200,512500,518800,494500,-24300,3,No,,No,Yes,Filled,0,,0,1.52,1,0.52,1,1
EMP0221,Human Resources,HR Manager,L3,Chennai,Full-Time,1,2023-08-03,3.2,87100,1045200,61500,107100,64500,9800,14200,1302300,1313300,1265300,-48000,4,Yes,2027-03-05,Yes,No,Filled,1,2027-09,62400,1.51,1,0.51,1,1
EMP0222,Customer Success,Team Lead,L1,Mumbai,Full-Time,1,2023-06-30,3.3,38200,458400,50500,38800,30300,20000,6200,604200,611000,637300,26300,4,No,,No,No,Filled,1,2027-03,39600,1,1,0,2,2
EMP0223,Sales,Sales Executive,L3,Chennai,Full-Time,1,2020-11-12,5.9,88500,1062000,80900,80200,49500,15300,20100,1308000,1323600,1277400,-46200,4,Yes,2027-08-27,Yes,No,Filled,1,2027-03,59300,1.54,1,0.54,1,1
EMP0224,Customer Success,Customer Support Executive,L1,Hyderabad,Full-Time,1,2024-10-25,1.9,40100,481200,39000,41900,38200,25000,5500,630800,609700,637300,27600,4,No,,No,No,Filled,0,,0,1.56,1,0.56,1,1
EMP0225,Finance,Finance Manager,L5,Pune,Full-Time,1,2023-08-31,3.1,166600,1999200,229300,132600,132500,26100,12600,2532300,2627400,2723200,95800,5,Yes,2026-12-12,Yes,No,Filled,1,2027-01,27600,1.29,1,0.29,1,1
EMP0226,IT,Cybersecurity Analyst,L2,Pune,Full-Time,1,2024-01-28,2.7,67000,804000,123100,76100,52600,25600,12900,1094300,1150700,1115400,-35300,3,No,,No,No,Filled,0,,0,1.03,1,0.03,1,1
EMP0227,Sales,Account Manager,L4,Chennai,Full-Time,1,2020-12-15,5.8,115300,1383600,211900,109300,102800,27900,10500,1846000,1953700,1787500,-166200,4,No,,No,No,Filled,0,,0,1.06,1,0.06,1,1
EMP0228,Finance,Senior Financial Analyst,L2,Pune,Full-Time,1,2025-11-20,0.9,60400,724800,120500,71900,33400,17700,17300,985600,954400,1049400,95000,5,No,,No,No,Filled,0,,0,1.48,1,0.48,1,1
EMP0229,Marketing,Marketing Executive,L2,Mumbai,Full-Time,1,2022-08-28,4.1,61000,732000,128600,62300,58100,22700,17700,1021400,997500,1087400,89900,3,Yes,2027-06-08,Yes,No,Filled,1,2027-07,38100,1.03,1,0.03,1,1
EMP0230,Customer Success,Team Lead,L2,Hyderabad,Full-Time,1,2024-02-19,2.6,42400,508800,62500,46600,35000,27600,6600,687100,709900,669500,-40400,4,No,,No,No,Filled,0,,0,1.52,1,0.52,1,1
EMP0231,Sales,Account Manager,L2,Bengaluru,Full-Time,1,2021-01-19,5.7,66100,793200,95400,81400,41700,18400,21400,1051500,1057700,1047800,-9900,4,No,,No,No,Filled,0,,0,1.27,1,0.27,1,1
EMP0232,Customer Success,Customer Success Manager,L2,Mumbai,Full-Time,1,2026-03-27,0.5,53000,636000,59500,44800,43600,26200,7000,817100,804000,791300,-12700,5,No,,No,No,Filled,0,,0,1.16,1,0.16,1,1
EMP0233,IT,IT Support Analyst,L3,Gurugram,Full-Time,1,2021-03-10,5.6,94700,1136400,167400,112600,73700,15800,21800,1527700,1538600,1645800,107200,5,No,,No,No,Filled,0,,0,1.36,1,0.36,1,1
EMP0234,Customer Success,Team Lead,L2,Gurugram,Full-Time,1,2021-06-22,5.3,43900,526800,72600,41900,35500,9500,8500,694800,726500,680600,-45900,3,No,,No,No,Filled,0,,0,1.51,1,0.51,1,1
EMP0235,IT,IT Support Analyst,L2,Hyderabad,Full-Time,1,2023-02-11,3.6,66900,802800,107200,81600,48600,14700,9300,1064200,1025200,1053000,27800,4,No,,No,No,Filled,0,,0,1.38,1,0.38,1,1
EMP0236,Customer Success,Customer Support Executive,L3,Chennai,Full-Time,1,2022-05-04,4.4,73400,880800,143800,93300,63000,22600,10200,1213700,1275300,1258800,-16500,5,Yes,2027-02-12,Yes,No,Filled,1,2027-05,44300,1,1,0,1,1
EMP0237,Sales,Account Manager,L1,Chennai,Full-Time,1,2022-12-07,3.8,45000,540000,59300,60400,33400,16400,24500,734000,712800,737600,24800,5,No,,No,No,Filled,0,,0,1,1,0,1,1
EMP0238,Human Resources,HR Executive,L2,Mumbai,Full-Time,1,2025-01-15,1.7,64800,777600,131700,59700,57800,14400,23200,1064400,1102100,1122600,20500,3,No,,No,No,Filled,0,,0,1,1,0,1,1
EMP0239,Sales,Account Manager,L4,Pune,Contract,1,2022-02-09,4.6,123100,1477200,213400,115600,108100,14200,22500,1951000,1894900,2031900,137000,5,Yes,2026-12-07,Yes,No,Filled,1,2027-01,43400,1,1,0,1,1
EMP0240,Customer Success,Team Lead,L1,Chennai,Full-Time,1,2023-08-24,3.1,34000,408000,21100,36000,21200,21200,10900,518400,513200,542600,29400,4,Yes,2026-11-17,Yes,No,Filled,1,2027-09,20300,1.55,1,0.55,1,1
EMP0241,Operations,Quality Analyst,L4,Hyderabad,Full-Time,1,2020-01-17,6.7,103900,1246800,170600,119200,94400,12100,6600,1649700,1623200,1737600,114400,4,No,,No,No,Filled,1,2027-06,19600,1.33,1,0.33,2,2
EMP0242,Customer Success,Customer Success Manager,L4,Bengaluru,Full-Time,1,2022-08-15,4.1,99300,1191600,192100,108800,50700,26300,17000,1586500,1541300,1526500,-14800,5,No,,No,No,Filled,0,,0,1.56,1,0.56,1,1
EMP0243,Operations,Operations Executive,L1,Chennai,Full-Time,1,2024-02-26,2.6,41400,496800,78400,56000,31200,19400,13600,695400,689600,699900,10300,2,No,,No,No,Filled,0,,0,1.46,1,0.46,1,1
EMP0244,Customer Success,Customer Success Manager,L5,Bengaluru,Part-Time,0.5,2022-05-21,4.4,125100,1501200,249200,130000,96500,21900,16800,2015600,2076600,1977000,-99600,3,No,,No,No,Filled,0,,0,1,0.5,0.5,1,1
EMP0245,Operations,Process Analyst,L1,Chennai,Full-Time,1,2021-08-17,5.1,35400,424800,42500,37900,28100,28900,17000,579200,599100,588400,-10700,4,Yes,2026-11-18,Yes,Yes,Filled,1,2026-12,47800,1,1,0,1,1
EMP0246,Human Resources,Talent Acquisition Specialist,L3,Gurugram,Full-Time,1,2022-11-08,3.9,76800,921600,89400,81400,38500,11100,10500,1152500,1218400,1144500,-73900,5,No,,No,No,Filled,1,2027-04,40700,1.06,1,0.06,2,2
EMP0247,Sales,Sales Executive,L1,Hyderabad,Part-Time,0.5,2020-07-15,6.2,47000,564000,48800,40800,34200,8100,5200,701100,688400,669400,-19000,4,No,,No,No,Filled,0,,0,1,0.5,0.5,1,1
EMP0248,Sales,Sales Executive,L2,Bengaluru,Full-Time,1,2021-05-22,5.4,58300,699600,108000,66000,42300,14500,23600,954000,953700,917100,-36600,4,No,,No,No,Filled,0,,0,1.35,1,0.35,1,1
EMP0249,Sales,Sales Executive,L1,Gurugram,Full-Time,1,2023-04-22,3.4,41000,492000,46700,44500,36900,18900,19000,658000,697000,636300,-60700,4,No,,No,No,Filled,0,,0,1.11,1,0.11,1,1
EMP0250,Human Resources,Talent Acquisition Specialist,L2,Chennai,Full-Time,1,2019-04-20,7.4,59200,710400,74500,60100,54200,23700,17200,940100,931600,993800,62200,5,No,,No,No,Filled,0,,0,1.59,1,0.59,1,1
EMP0251,Customer Success,Support Analyst,L2,Bengaluru,Full-Time,1,2020-04-06,6.5,52900,634800,31900,62300,26700,13700,6200,775600,791400,806000,14600,3,No,,No,Yes,Filled,1,2027-03,23400,1.19,1,0.19,2,2
EMP0252,Operations,Process Analyst,L2,Mumbai,Full-Time,1,2025-02-15,1.6,52200,626400,61400,42100,35600,24500,6400,796400,770900,793300,22400,4,No,,No,No,Filled,1,2026-11,62300,1.39,1,0.39,2,2
EMP0253,Engineering,Engineering Manager,L1,Gurugram,Contract,1,2023-06-19,3.3,67800,813600,79000,77800,32900,22000,23300,1048600,1070900,1115300,44400,4,No,,No,No,Filled,0,,0,1.43,1,0.43,1,1
EMP0254,Sales,Account Manager,L1,Hyderabad,Full-Time,1,2021-04-12,5.5,41100,493200,82500,31600,30300,11100,5200,653900,655300,646300,-9000,5,No,,No,No,Filled,0,,0,1.26,1,0.26,1,1
EMP0255,Sales,Sales Manager,L3,Chennai,Contract,1,2021-09-04,5.1,83900,1006800,56100,67800,62800,15500,19600,1228600,1259600,1302200,42600,2,Yes,2027-05-11,Yes,Yes,Filled,1,2026-10,50500,1.22,1,0.22,1,1
EMP0256,Marketing,Digital Marketing Specialist,L1,Chennai,Full-Time,1,2019-02-16,7.6,47800,573600,49200,45000,41000,17800,21000,747600,779200,793600,14400,3,No,,No,No,Filled,0,,0,1.56,1,0.56,1,1
EMP0257,Finance,Finance Manager,L1,Hyderabad,Full-Time,1,2020-04-28,6.4,48600,583200,53300,55400,32000,21200,19100,764200,786200,763200,-23000,4,Yes,2027-05-08,Yes,No,Filled,1,2027-09,25800,1.22,1,0.22,1,1
EMP0258,Sales,Business Development Executive,L2,Hyderabad,Full-Time,1,2025-05-10,1.4,55100,661200,109600,53400,30500,8600,17900,881200,902100,876200,-25900,3,No,,No,No,Filled,0,,0,1,1,0,1,1
EMP0259,Sales,Account Manager,L3,Gurugram,Full-Time,1,2019-02-20,7.6,80200,962400,87100,96800,61800,16000,9400,1233500,1306000,1244600,-61400,3,No,,No,No,Filled,0,,0,1.4,1,0.4,1,1
EMP0260,Engineering,Data Engineer,L3,Chennai,Full-Time,1,2023-09-14,3,105300,1263600,142900,77900,76100,29200,12700,1602400,1544600,1528700,-15900,3,No,,No,No,Filled,0,,0,1.19,1,0.19,1,1
EMP0261,Operations,Operations Executive,L2,Gurugram,Full-Time,1,2024-10-13,2,48000,576000,30500,60700,33600,14400,23000,738200,717200,793000,75800,5,No,,No,Yes,Filled,0,,0,1.14,1,0.14,1,1
EMP0262,Marketing,Marketing Manager,L1,Pune,Full-Time,1,2021-04-01,5.5,50400,604800,77600,66300,48000,14300,24200,835200,834300,835300,1000,3,No,,No,No,Filled,0,,0,1.16,1,0.16,1,1
EMP0263,IT,Systems Administrator,L3,Mumbai,Full-Time,1,2021-10-01,5,97000,1164000,81500,108500,71800,24800,21700,1472300,1478300,1456600,-21700,3,No,,No,Yes,Filled,0,,0,1.1,1,0.1,1,1
EMP0264,Engineering,Engineering Manager,L1,Chennai,Full-Time,1,2022-06-13,4.3,59400,712800,41000,57400,36200,29300,16200,892900,888200,915600,27400,3,No,,No,No,Filled,1,2026-12,24500,1.23,1,0.23,2,2
EMP0265,Marketing,Marketing Executive,L1,Bengaluru,Part-Time,0.5,2024-10-29,1.9,47200,566400,64300,47600,45200,27400,17500,768400,781400,792000,10600,4,No,,No,No,Filled,0,,0,1,0.5,0.5,1,1
EMP0266,Finance,Accountant,L1,Mumbai,Full-Time,1,2026-06-06,0.3,48100,577200,31800,51100,35600,13000,24300,733000,770300,765200,-5100,5,No,,No,No,Filled,0,,0,1.29,1,0.29,1,1
EMP0267,Operations,Operations Manager,L2,Bengaluru,Full-Time,1,2021-04-10,5.5,58000,696000,46600,74800,31300,25500,10500,884700,926900,949000,22100,3,No,,No,Yes,Filled,0,,0,1.02,1,0.02,1,1
EMP0268,Operations,Quality Analyst,L1,Hyderabad,Contract,1,2021-04-30,5.4,39200,470400,83500,41900,35100,21000,12500,664400,656800,648700,-8100,4,No,,No,No,Filled,0,,0,1.45,1,0.45,1,1
EMP0269,Marketing,Marketing Executive,L1,Hyderabad,Full-Time,1,2021-10-13,5,44300,531600,61900,47600,33500,27000,24600,726200,726800,768000,41200,5,No,,No,Yes,Filled,0,,0,1.46,1,0.46,1,1
EMP0270,Finance,Financial Analyst,L4,Pune,Full-Time,1,2025-03-03,1.6,121100,1453200,253300,104700,64500,26800,13800,1916300,2002000,2043000,41000,3,No,,No,No,Filled,1,2027-01,20900,1.54,1,0.54,2,2
EMP0271,Finance,Senior Financial Analyst,L3,Hyderabad,Full-Time,1,2026-03-25,0.5,87800,1053600,122600,102800,81200,8400,14500,1383100,1422900,1443900,21000,3,No,,No,No,Filled,0,,0,1.4,1,0.4,1,1
EMP0272,Human Resources,HR Manager,L3,Gurugram,Contract,1,2022-09-20,4,74200,890400,79200,72600,64300,14100,9200,1129800,1192800,1074600,-118200,3,No,,No,Yes,Open,1,2027-04,64900,1.39,1,0.39,2,2
EMP0273,Customer Success,Team Lead,L1,Chennai,Full-Time,1,2022-12-20,3.8,39700,476400,42100,29000,33100,26400,19800,626800,610700,656900,46200,3,No,,No,No,Filled,1,2027-07,54100,1.38,1,0.38,2,2
EMP0274,Human Resources,HR Business Partner,L2,Mumbai,Full-Time,1,2019-12-26,6.8,65200,782400,125200,75700,34100,18700,6600,1042700,1043500,1045700,2200,3,Yes,2027-01-11,Yes,No,Filled,1,2027-01,21100,1.16,1,0.16,1,1
EMP0275,Engineering,DevOps Engineer,L3,Hyderabad,Full-Time,1,2024-06-08,2.3,104400,1252800,194300,146400,53700,29000,15500,1691700,1674700,1624000,-50700,3,No,,No,No,Filled,1,2027-07,41500,1.48,1,0.48,2,2
EMP0276,Human Resources,HR Executive,L4,Hyderabad,Full-Time,1,2024-04-16,2.5,115700,1388400,78500,89400,77900,14500,9600,1658300,1638600,1748600,110000,4,No,,No,No,Open,1,2026-11,61700,1.2,1,0.2,2,2
EMP0277,Human Resources,HR Analyst,L1,Chennai,Full-Time,1,2021-06-17,5.3,50600,607200,55700,53800,29800,22100,24600,793200,809300,790400,-18900,4,No,,No,No,Open,1,2026-12,48400,1.01,1,0.01,2,2
EMP0278,Finance,Senior Financial Analyst,L2,Chennai,Full-Time,1,2025-08-20,1.1,72800,873600,100800,76000,55400,21700,6400,1133900,1165900,1112900,-53000,2,No,,No,No,Filled,0,,0,1.42,1,0.42,1,1
EMP0279,Human Resources,HR Manager,L2,Bengaluru,Full-Time,1,2020-01-05,6.7,66100,793200,122600,73900,48200,11100,20500,1069500,1055700,1085100,29400,2,No,,No,Yes,Filled,0,,0,1.12,1,0.12,1,1
EMP0280,Human Resources,HR Analyst,L2,Bengaluru,Contract,1,2022-08-18,4.1,55000,660000,87000,41800,46200,15000,5000,855000,864500,817500,-47000,2,No,,No,No,Filled,1,2027-06,31000,1.41,1,0.41,2,2
EMP0281,Operations,Operations Executive,L2,Chennai,Full-Time,1,2020-02-18,6.6,46600,559200,89000,33700,27900,24300,11300,745400,723200,743000,19800,3,No,,No,No,Filled,0,,0,1.11,1,0.11,1,1
EMP0282,IT,Cybersecurity Analyst,L1,Mumbai,Full-Time,1,2025-11-18,0.9,58100,697200,63300,74800,52800,17500,23200,928800,926700,998800,72100,4,No,,No,No,Filled,0,,0,1,1,0,1,1
EMP0283,Marketing,Digital Marketing Specialist,L1,Gurugram,Contract,1,2025-06-04,1.3,47900,574800,65600,47900,37500,23500,5100,754400,736800,786600,49800,4,No,,No,No,Filled,0,,0,1.39,1,0.39,1,1
EMP0284,Human Resources,Talent Acquisition Specialist,L1,Pune,Full-Time,1,2019-11-15,6.9,51300,615600,91700,72100,41900,14600,7100,843000,875200,871400,-3800,3,No,,No,No,Filled,1,2027-09,20300,1.17,1,0.17,2,2
EMP0285,Operations,Quality Analyst,L1,Bengaluru,Full-Time,1,2019-10-05,7,44400,532800,61300,45800,31100,12600,12400,696000,693900,665900,-28000,4,No,,No,No,Filled,0,,0,1.46,1,0.46,1,1
EMP0286,Customer Success,Customer Success Manager,L4,Pune,Part-Time,0.5,2022-12-09,3.8,85700,1028400,161300,114200,49900,22500,14400,1390700,1457500,1360200,-97300,4,Yes,2027-06-03,Yes,No,Filled,1,2027-08,49900,1,0.5,0.5,1,1
EMP0287,Human Resources,HR Analyst,L2,Gurugram,Full-Time,1,2022-07-29,4.2,57600,691200,46800,68500,48100,14900,17900,887400,887000,925300,38300,3,Yes,2027-03-25,Yes,No,Filled,1,2027-09,27400,1.54,1,0.54,1,1
EMP0288,Sales,Sales Executive,L2,Mumbai,Part-Time,0.5,2019-05-07,7.4,57500,690000,67500,43800,30700,19300,10400,861700,899200,820300,-78900,4,No,,No,No,Filled,1,2027-03,35800,1,0.5,0.5,2,2
EMP0289,Human Resources,HR Analyst,L2,Mumbai,Full-Time,1,2025-01-21,1.7,53100,637200,42200,54000,38100,16900,15600,804000,819700,764800,-54900,3,No,,No,No,Filled,0,,0,1.24,1,0.24,1,1
EMP0290,IT,Systems Administrator,L1,Gurugram,Full-Time,1,2022-04-21,4.4,59900,718800,84400,72300,37700,25000,20500,958700,970300,1032400,62100,5,No,,No,No,Filled,0,,0,1.01,1,0.01,1,1
EMP0291,Marketing,Marketing Executive,L2,Gurugram,Full-Time,1,2023-06-17,3.3,53100,637200,95700,69100,28600,13800,5400,849800,840700,892700,52000,4,No,,No,No,Filled,0,,0,1.28,1,0.28,1,1
EMP0292,Operations,Quality Analyst,L2,Pune,Full-Time,1,2023-12-07,2.8,50600,607200,59700,36500,31600,22200,24500,781700,816600,745000,-71600,4,No,,No,No,Filled,0,,0,1.55,1,0.55,1,1
EMP0293,Sales,Sales Executive,L3,Mumbai,Full-Time,1,2025-08-12,1.1,88400,1060800,160700,92800,59300,14700,6300,1394600,1370600,1369600,-1000,3,Yes,2027-04-17,Yes,No,Filled,1,2027-06,40800,1.44,1,0.44,1,1
EMP0294,IT,Systems Administrator,L2,Gurugram,Full-Time,1,2019-05-23,7.4,70600,847200,48700,99500,65800,25300,24800,1111300,1127400,1194800,67400,4,No,,No,No,Filled,0,,0,1,1,0,1,1
EMP0295,Sales,Business Development Executive,L1,Bengaluru,Contract,1,2021-02-28,5.6,44000,528000,41900,37900,24100,21700,20600,674200,686200,653400,-32800,3,No,,No,No,Filled,0,,0,1.49,1,0.49,1,1
EMP0296,Finance,Finance Manager,L2,Chennai,Contract,1,2019-10-02,7,68400,820800,82500,82400,41400,15600,23300,1066000,1054300,1077800,23500,3,No,,No,No,Filled,0,,0,1.54,1,0.54,1,1
EMP0297,Engineering,Data Engineer,L2,Pune,Full-Time,1,2020-09-04,6.1,91000,1092000,63400,75200,44000,21900,14000,1310500,1275700,1408200,132500,3,No,,No,No,Open,1,2026-11,42900,1.09,1,0.09,2,2
EMP0298,Sales,Sales Manager,L3,Hyderabad,Part-Time,0.5,2021-12-17,4.8,82200,986400,136500,63700,50300,25800,14200,1276900,1295600,1284900,-10700,4,No,,No,No,Filled,0,,0,1,0.5,0.5,1,1
EMP0299,Finance,Accountant,L1,Hyderabad,Full-Time,1,2019-07-21,7.2,45100,541200,58400,39300,22700,26600,24600,712800,740800,756300,15500,4,No,,No,No,Filled,0,,0,1.09,1,0.09,1,1
EMP0300,Marketing,Marketing Manager,L1,Pune,Part-Time,0.5,2020-02-07,6.6,51300,615600,46500,72100,49100,23700,24600,831600,845700,818100,-27600,5,No,,No,No,Filled,0,,0,1,0.5,0.5,1,1
EMP0301,Operations,Operations Manager,L3,Mumbai,Full-Time,1,2021-02-08,5.6,73000,876000,52100,85300,69400,12200,20900,1115900,1172600,1197000,24400,4,No,,No,No,Filled,0,,0,1.59,1,0.59,1,1
EMP0302,Operations,Operations Executive,L2,Bengaluru,Full-Time,1,2024-09-06,2.1,53100,637200,112800,67200,29600,18500,19400,884700,871200,914100,42900,4,No,,No,No,Filled,0,,0,1.39,1,0.39,1,1
EMP0303,Human Resources,HR Executive,L1,Pune,Full-Time,1,2023-01-16,3.7,41600,499200,61600,53100,29900,8300,5200,657300,654500,703600,49100,4,No,,No,No,Filled,0,,0,1.08,1,0.08,1,1
EMP0304,Sales,Sales Executive,L1,Pune,Full-Time,1,2020-12-28,5.8,47300,567600,44800,45000,42000,24000,6900,730300,732400,696600,-35800,5,No,,No,No,Filled,0,,0,1.26,1,0.26,1,1
EMP0305,Marketing,Marketing Executive,L1,Pune,Full-Time,1,2025-06-01,1.3,47600,571200,37400,44200,31900,28200,24900,737800,711600,773900,62300,4,No,,No,No,Filled,0,,0,1.18,1,0.18,1,1
EMP0306,Customer Success,Customer Support Executive,L3,Chennai,Full-Time,1,2020-06-25,6.3,63900,766800,113500,88300,59800,20700,12100,1061200,1102300,1042800,-59500,4,No,,No,Yes,Filled,0,,0,1.31,1,0.31,1,1
EMP0307,Marketing,Marketing Manager,L2,Pune,Part-Time,0.5,2024-02-24,2.6,58600,703200,95200,52300,33500,28200,7000,919400,929100,899800,-29300,3,No,,No,No,Filled,0,,0,1,0.5,0.5,1,1
EMP0308,Sales,Sales Executive,L2,Chennai,Contract,1,2023-03-13,3.6,53400,640800,46600,71800,32900,28900,16600,837600,840700,858900,18200,4,No,,No,No,Filled,0,,0,1.28,1,0.28,1,1
EMP0309,Operations,Operations Manager,L2,Hyderabad,Full-Time,1,2026-04-22,0.4,56400,676800,58700,54900,51300,28800,22900,893400,895100,939400,44300,3,No,,No,No,Filled,0,,0,1.25,1,0.25,1,1
EMP0310,Customer Success,Support Analyst,L3,Chennai,Full-Time,1,2024-07-30,2.2,65700,788400,60400,75300,37400,15300,22100,998900,979600,958200,-21400,5,No,,No,No,Filled,1,2027-09,21200,1.58,1,0.58,2,2
EMP0311,Human Resources,HR Business Partner,L3,Bengaluru,Full-Time,1,2026-02-27,0.6,82400,988800,102100,107400,72600,15300,18900,1305100,1353500,1350900,-2600,4,No,,No,No,Filled,0,,0,1.03,1,0.03,1,1
EMP0312,Finance,Finance Manager,L1,Bengaluru,Full-Time,1,2025-04-08,1.5,54400,652800,78400,50200,37200,8800,7600,835000,865500,793300,-72200,4,No,,No,No,Filled,1,2027-03,37600,1.29,1,0.29,2,2
EMP0313,Human Resources,HR Business Partner,L2,Hyderabad,Full-Time,1,2025-07-26,1.2,53700,644400,113700,47400,33600,14700,9600,863400,829000,902100,73100,3,No,,No,No,Filled,0,,0,1.6,1,0.6,1,1
EMP0314,Sales,Business Development Executive,L4,Mumbai,Full-Time,1,2026-08-20,0.1,101600,1219200,166100,127400,90100,17300,11100,1631200,1619000,1700800,81800,4,No,,No,Yes,Filled,0,,0,1.49,1,0.49,1,1
EMP0315,Human Resources,HR Business Partner,L2,Mumbai,Part-Time,0.5,2024-02-18,2.6,55700,668400,65700,76300,48300,29700,20100,908500,907900,932800,24900,3,No,,No,No,Filled,0,,0,1,0.5,0.5,1,1
EMP0316,Finance,Finance Manager,L2,Gurugram,Full-Time,1,2021-05-07,5.4,58600,703200,84900,72100,32800,25200,16700,934900,986500,893300,-93200,4,No,,No,No,Filled,0,,0,1.11,1,0.11,1,1
EMP0317,Sales,Account Manager,L2,Chennai,Full-Time,1,2023-10-24,2.9,62500,750000,66400,77100,52800,10300,15300,971900,982500,970000,-12500,5,No,,No,Yes,Filled,0,,0,1.57,1,0.57,1,1
EMP0318,Engineering,Engineering Manager,L3,Mumbai,Full-Time,1,2026-08-03,0.2,126600,1519200,213700,156300,88800,28300,18900,2025200,2091800,2150800,59000,2,No,,No,No,Filled,0,,0,1.11,1,0.11,1,1
EMP0319,Sales,Business Development Executive,L2,Hyderabad,Full-Time,1,2019-07-07,7.2,65900,790800,59600,63800,42200,29500,22100,1008000,1038400,1052900,14500,3,No,,No,No,Filled,0,,0,1.31,1,0.31,1,1
EMP0320,Finance,Finance Manager,L5,Pune,Full-Time,1,2021-02-10,5.6,184600,2215200,253700,183500,103100,25300,19700,2800500,2796100,2669600,-126500,3,No,,No,No,Filled,0,,0,1.51,1,0.51,1,1
EMP0321,Finance,Senior Financial Analyst,L3,Mumbai,Full-Time,1,2020-05-19,6.4,77500,930000,131600,109900,53500,13200,19100,1257300,1309700,1283700,-26000,4,No,,No,Yes,Filled,0,,0,1.6,1,0.6,1,1
EMP0322,Engineering,Data Engineer,L5,Chennai,Full-Time,1,2019-03-22,7.5,190000,2280000,263600,235100,169900,11900,21000,2981500,3027000,2986100,-40900,2,Yes,2027-05-16,Yes,Yes,Filled,1,2027-06,24200,1.53,1,0.53,1,1
EMP0323,Marketing,Content Strategist,L3,Bengaluru,Full-Time,1,2026-01-25,0.7,74700,896400,80900,69400,67100,22800,20900,1157500,1140200,1193700,53500,2,No,,No,Yes,Filled,0,,0,1.32,1,0.32,1,1
EMP0324,Finance,Accountant,L3,Gurugram,Full-Time,1,2025-12-05,0.8,97000,1164000,195300,70700,77900,9100,16000,1533000,1515800,1517500,1700,3,Yes,2026-11-24,Yes,No,Filled,1,2027-02,34600,1.35,1,0.35,1,1
EMP0325,Human Resources,HR Business Partner,L3,Hyderabad,Full-Time,1,2025-02-23,1.6,78600,943200,137000,79500,40300,25200,10700,1235900,1239900,1284200,44300,4,No,,No,No,Filled,1,2027-08,33600,1,1,0,2,2
EMP0326,Sales,Sales Executive,L3,Chennai,Full-Time,1,2020-01-04,6.7,79500,954000,164800,94000,63800,21900,9000,1307500,1309900,1369800,59900,4,Yes,2026-11-21,Yes,No,Filled,1,2027-05,22800,1.11,1,0.11,1,1
EMP0327,Marketing,Marketing Manager,L2,Gurugram,Full-Time,1,2019-06-11,7.3,57300,687600,73000,81700,29400,19400,8600,899700,951000,868000,-83000,5,No,,No,No,Filled,1,2026-10,37000,1.44,1,0.44,2,2
EMP0328,Engineering,Senior Software Engineer,L3,Bengaluru,Full-Time,1,2023-11-28,2.8,122800,1473600,154700,119100,82400,13800,9100,1852700,1868100,1824700,-43400,5,No,,No,No,Filled,0,,0,1.12,1,0.12,1,1
EMP0329,Sales,Business Development Executive,L2,Pune,Full-Time,1,2023-04-29,3.4,63400,760800,133800,73200,32800,9700,24000,1034300,1023700,995000,-28700,4,No,,No,No,Filled,0,,0,1.34,1,0.34,1,1
EMP0330,Finance,Financial Analyst,L5,Bengaluru,Full-Time,1,2025-08-16,1.1,170400,2044800,274600,155500,83000,29200,10000,2597100,2668800,2705800,37000,4,No,,No,No,Filled,0,,0,1.35,1,0.35,1,1
EMP0331,Engineering,Senior Software Engineer,L2,Pune,Full-Time,1,2023-08-12,3.1,82000,984000,83900,94300,73400,28800,7100,1271500,1240300,1364100,123800,4,Yes,2027-03-10,Yes,Yes,Filled,1,2027-06,52600,1.54,1,0.54,1,1
EMP0332,Human Resources,HR Business Partner,L2,Chennai,Full-Time,1,2020-01-26,6.7,56100,673200,85100,68700,45200,17000,5300,894500,910900,879200,-31700,4,No,,No,No,Filled,0,,0,1.24,1,0.24,1,1
EMP0333,Finance,Financial Analyst,L1,Bengaluru,Full-Time,1,2024-04-06,2.5,55500,666000,67800,73500,31700,22800,24500,886300,859900,842900,-17000,5,No,,No,Yes,Filled,0,,0,1.22,1,0.22,1,1
EMP0334,Marketing,Marketing Executive,L2,Mumbai,Full-Time,1,2023-07-10,3.2,54300,651600,96000,74900,37400,13700,13700,887300,916000,844000,-72000,5,Yes,2027-05-16,Yes,No,Filled,1,2027-05,45700,1.35,1,0.35,1,1
EMP0335,IT,Cybersecurity Analyst,L1,Pune,Full-Time,1,2019-03-14,7.5,55200,662400,54000,68100,28900,12400,22500,848300,877000,807400,-69600,3,No,,No,No,Filled,1,2027-07,29700,1.07,1,0.07,2,2
EMP0336,Marketing,Digital Marketing Specialist,L3,Pune,Contract,1,2023-01-28,3.7,77200,926400,76100,59100,54100,24100,17100,1156900,1188500,1111300,-77200,5,No,,No,No,Filled,0,,0,1.59,1,0.59,1,1
EMP0337,IT,Cybersecurity Analyst,L3,Gurugram,Full-Time,1,2026-05-22,0.4,104600,1255200,194100,137300,97000,20000,9000,1712600,1749700,1792400,42700,3,No,,No,No,Open,1,2027-02,52700,1.29,1,0.29,2,2
EMP0338,Operations,Operations Executive,L1,Bengaluru,Full-Time,1,2023-08-04,3.2,35000,420000,41300,48400,26600,19800,10400,566500,564700,604100,39400,3,No,,No,No,Open,1,2027-04,49300,1.47,1,0.47,2,2
EMP0339,Human Resources,HR Manager,L3,Bengaluru,Full-Time,1,2020-03-17,6.5,81200,974400,128600,73000,66500,17400,13900,1273800,1305600,1365200,59600,4,Yes,2027-08-21,Yes,No,Filled,1,2027-05,21000,1.5,1,0.5,1,1
EMP0340,IT,Systems Administrator,L4,Gurugram,Full-Time,1,2019-07-18,7.2,120800,1449600,156100,88900,75400,19100,6100,1795200,1811600,1921800,110200,4,No,,No,Yes,Filled,0,,0,1,1,0,1,1
EMP0341,Finance,Senior Financial Analyst,L3,Bengaluru,Full-Time,1,2026-05-17,0.4,95300,1143600,118100,113600,57600,11500,8200,1452600,1404700,1415000,10300,4,No,,No,No,Filled,0,,0,1.38,1,0.38,1,1
EMP0342,Human Resources,HR Business Partner,L2,Hyderabad,Contract,1,2024-01-29,2.7,67100,805200,125500,81400,35800,14400,11200,1073500,1057400,1091700,34300,5,Yes,2027-08-05,Yes,No,Filled,1,2027-02,43200,1.17,1,0.17,1,1
EMP0343,Operations,Process Analyst,L1,Mumbai,Full-Time,1,2022-11-15,3.9,38000,456000,71900,49000,23900,28100,24100,653000,648200,650400,2200,5,Yes,2026-12-31,Yes,No,Filled,1,2027-03,41800,1.58,1,0.58,1,1
EMP0344,Sales,Sales Manager,L2,Mumbai,Full-Time,1,2026-06-25,0.3,67000,804000,50900,67200,50000,19100,8900,1000100,1046000,1038100,-7900,4,No,,No,No,Filled,0,,0,1.51,1,0.51,1,1
EMP0345,Customer Success,Customer Support Executive,L2,Gurugram,Full-Time,1,2019-08-06,7.2,53400,640800,94400,55300,41300,11500,18500,861800,842800,896500,53700,4,No,,No,No,Filled,0,,0,1.08,1,0.08,1,1
EMP0346,Marketing,Digital Marketing Specialist,L3,Chennai,Full-Time,1,2021-04-15,5.5,73900,886800,63400,53300,61000,24100,15300,1103900,1077600,1060700,-16900,4,Yes,2027-05-20,Yes,Yes,Filled,1,2027-09,18900,1.04,1,0.04,1,1
EMP0347,Human Resources,Talent Acquisition Specialist,L2,Mumbai,Full-Time,1,2022-03-24,4.5,67200,806400,65600,65500,35700,12900,15400,1001500,1022300,983400,-38900,4,Yes,2027-04-14,Yes,No,Open,1,2027-08,20700,1.19,1,0.19,1,1
EMP0348,Operations,Operations Executive,L1,Hyderabad,Full-Time,1,2023-12-20,2.8,36800,441600,34700,51900,28600,20300,13300,590400,592100,602400,10300,5,No,,No,No,Filled,0,,0,1.41,1,0.41,1,1
EMP0349,Human Resources,HR Analyst,L1,Bengaluru,Contract,1,2019-11-02,6.9,48100,577200,41700,52000,32600,27200,17600,748300,758200,722100,-36100,3,No,,No,No,Filled,0,,0,1.34,1,0.34,1,1
EMP0350,Marketing,Digital Marketing Specialist,L1,Hyderabad,Full-Time,1,2024-03-25,2.5,41000,492000,46200,33700,33300,12500,12800,630500,661800,615700,-46100,4,No,,No,No,Filled,1,2027-08,41900,1.21,1,0.21,2,2
EMP0351,Marketing,Content Strategist,L3,Mumbai,Full-Time,1,2022-07-25,4.2,71700,860400,131700,55200,50700,20300,17600,1135900,1168700,1116500,-52200,4,No,,No,No,Filled,0,,0,1,1,0,1,1
EMP0352,Customer Success,Customer Support Executive,L2,Bengaluru,Full-Time,1,2022-09-18,4,51600,619200,74100,68200,45100,26600,14700,847900,842300,892800,50500,4,No,,No,No,Filled,0,,0,1.24,1,0.24,1,1
EMP0353,Engineering,Software Engineer,L3,Pune,Full-Time,1,2026-03-15,0.5,106700,1280400,206300,144600,75100,9700,12800,1728900,1798700,1845100,46400,4,No,,No,No,Filled,0,,0,1.06,1,0.06,1,1
EMP0354,Sales,Business Development Executive,L1,Chennai,Full-Time,1,2024-10-18,1.9,40400,484800,79500,40400,29900,29300,6300,670200,686800,643100,-43700,5,No,,No,No,Filled,1,2027-08,35600,1.48,1,0.48,2,2
EMP0355,Human Resources,HR Business Partner,L2,Gurugram,Full-Time,1,2025-01-12,1.7,59800,717600,128900,67100,37900,12800,12000,976300,973600,936200,-37400,4,No,,No,No,Filled,0,,0,1.18,1,0.18,1,1
EMP0356,Customer Success,Customer Support Executive,L1,Chennai,Part-Time,0.5,2023-11-18,2.9,36200,434400,62500,43200,29700,8200,9400,587400,602800,595000,-7800,4,No,,No,No,Filled,0,,0,1,0.5,0.5,1,1
EMP0357,Operations,Operations Executive,L1,Gurugram,Full-Time,1,2021-10-28,4.9,42800,513600,77300,47700,21900,24900,16700,702100,728900,735600,6700,4,No,,No,No,Filled,0,,0,1.48,1,0.48,1,1
EMP0358,Customer Success,Team Lead,L2,Pune,Full-Time,1,2024-12-30,1.7,49000,588000,40100,59000,38100,24300,8400,757900,742400,807700,65300,2,No,,No,Yes,Filled,1,2026-11,53200,1.56,1,0.56,2,2
EMP0359,Operations,Operations Executive,L1,Chennai,Full-Time,1,2019-12-21,6.8,42300,507600,64800,50400,38400,20700,17600,699500,682500,707600,25100,3,No,,No,No,Filled,1,2026-12,51700,1.11,1,0.11,2,2
EMP0360,Human Resources,HR Analyst,L3,Mumbai,Full-Time,1,2026-02-10,0.6,75700,908400,82500,67700,44100,17300,23200,1143200,1155400,1114000,-41400,3,No,,No,No,Filled,0,,0,1,1,0,1,1
EMP0361,Operations,Operations Executive,L2,Mumbai,Full-Time,1,2019-06-21,7.3,55500,666000,66400,72800,44200,25500,10400,885300,911200,871400,-39800,2,No,,No,No,Open,1,2027-02,62100,1.37,1,0.37,2,2
EMP0362,Human Resources,HR Business Partner,L1,Chennai,Part-Time,0.5,2020-08-06,6.1,43500,522000,44400,37300,35400,12800,16900,668800,659700,692900,33200,3,No,,No,No,Filled,0,,0,1,0.5,0.5,1,1
EMP0363,Engineering,Data Engineer,L2,Mumbai,Full-Time,1,2026-07-14,0.2,92700,1112400,165600,79300,48400,23400,12400,1441500,1446200,1375300,-70900,2,Yes,2027-07-25,Yes,No,Filled,1,2026-12,30200,1,1,0,1,1
EMP0364,Human Resources,HR Executive,L1,Gurugram,Contract,1,2022-07-25,4.2,50300,603600,49300,56400,25100,22700,11500,768600,806900,818900,12000,4,No,,No,No,Filled,0,,0,1.15,1,0.15,1,1
EMP0365,Operations,Operations Manager,L4,Bengaluru,Full-Time,1,2021-10-05,5,105100,1261200,226400,138100,93100,13500,16500,1748800,1690600,1682900,-7700,4,No,,No,No,Filled,0,,0,1.62,1,0.62,1,1
EMP0366,Operations,Quality Analyst,L2,Hyderabad,Full-Time,1,2024-06-17,2.3,50300,603600,88900,65400,44900,29900,9800,842500,812200,845400,33200,4,No,,No,No,Filled,0,,0,1.01,1,0.01,1,1
EMP0367,Finance,Senior Financial Analyst,L1,Chennai,Full-Time,1,2019-11-05,6.9,43200,518400,50200,55500,32500,14900,18100,689600,678000,656400,-21600,5,No,,No,No,Filled,0,,0,1.46,1,0.46,1,1
EMP0368,Human Resources,HR Executive,L2,Mumbai,Part-Time,0.5,2025-01-19,1.7,62900,754800,112500,47100,55500,21600,16300,1007800,1030400,1070700,40300,4,No,,No,No,Filled,0,,0,1,0.5,0.5,1,1
EMP0369,Marketing,Digital Marketing Specialist,L2,Mumbai,Full-Time,1,2023-01-30,3.7,62200,746400,133400,78700,43100,23600,12800,1038000,1020200,1066600,46400,4,No,,No,No,Filled,0,,0,1.57,1,0.57,1,1
EMP0370,Finance,Senior Financial Analyst,L2,Bengaluru,Full-Time,1,2025-05-06,1.4,73500,882000,83300,80800,42700,29900,24600,1143300,1171800,1205700,33900,4,No,,No,No,Filled,0,,0,1.42,1,0.42,1,1
EMP0371,Human Resources,HR Manager,L1,Hyderabad,Full-Time,1,2019-06-25,7.3,46800,561600,32000,49000,37600,22900,12500,715600,754400,695400,-59000,4,No,,No,No,Filled,0,,0,1.27,1,0.27,1,1
EMP0372,Engineering,Software Engineer,L5,Hyderabad,Full-Time,1,2024-11-05,1.9,226600,2719200,382400,269000,138700,11400,17700,3538400,3608900,3444000,-164900,4,No,,No,Yes,Filled,0,,0,1.41,1,0.41,1,1
EMP0373,Finance,Accountant,L3,Hyderabad,Full-Time,1,2019-11-15,6.9,88000,1056000,144500,116400,49400,8400,20600,1395300,1424600,1452400,27800,4,No,,No,No,Filled,0,,0,1.51,1,0.51,1,1
EMP0374,Operations,Quality Analyst,L3,Mumbai,Full-Time,1,2020-07-23,6.2,77000,924000,161600,85200,55000,16800,8100,1250700,1272300,1233200,-39100,4,No,,No,No,Filled,0,,0,1.56,1,0.56,1,1
EMP0375,Finance,Finance Manager,L2,Gurugram,Full-Time,1,2023-08-26,3.1,67400,808800,102800,65800,34000,8700,13500,1033600,1001000,1063500,62500,5,No,,No,No,Filled,0,,0,1.54,1,0.54,1,1
EMP0376,Finance,Accountant,L1,Gurugram,Full-Time,1,2025-08-23,1.1,54500,654000,88700,47500,48700,27500,8900,875300,904800,864100,-40700,3,No,,No,Yes,Filled,1,2027-02,55700,1.62,1,0.62,2,2
EMP0377,Finance,Accountant,L2,Mumbai,Full-Time,1,2026-06-03,0.3,57700,692400,115400,67400,54700,18200,21900,970000,937300,963800,26500,5,No,,No,No,Filled,0,,0,1,1,0,1,1
EMP0378,IT,Systems Administrator,L1,Pune,Full-Time,1,2025-07-14,1.2,60000,720000,112500,80000,55800,9900,12700,990900,958300,968500,10200,5,No,,No,No,Filled,0,,0,1.08,1,0.08,1,1
EMP0379,Operations,Quality Analyst,L2,Gurugram,Full-Time,1,2023-04-28,3.4,52300,627600,53300,41500,29300,11200,24500,787400,815700,847100,31400,3,Yes,2027-06-25,Yes,No,Filled,1,2027-04,38700,1.11,1,0.11,1,1
EMP0380,Finance,Financial Analyst,L1,Mumbai,Full-Time,1,2024-12-16,1.8,53400,640800,59200,50000,31600,10900,10100,802600,799000,832800,33800,4,Yes,2027-06-04,Yes,No,Filled,1,2027-06,20900,1.07,1,0.07,1,1
EMP0381,Engineering,DevOps Engineer,L2,Hyderabad,Part-Time,0.5,2024-12-10,1.8,93400,1120800,77400,90300,83600,11400,6700,1390200,1402000,1375300,-26700,4,No,,No,No,Filled,0,,0,1,0.5,0.5,1,1
EMP0382,Sales,Business Development Executive,L1,Pune,Full-Time,1,2019-12-10,6.8,49400,592800,40200,56200,35700,11200,17500,753600,744100,763700,19600,3,No,,No,No,Filled,0,,0,1,1,0,1,1
EMP0383,Engineering,Data Engineer,L2,Mumbai,Full-Time,1,2026-05-05,0.4,85300,1023600,92000,111900,43300,17200,14200,1302200,1344500,1334300,-10200,3,No,,No,No,Filled,0,,0,1.39,1,0.39,1,1
EMP0384,Marketing,Marketing Manager,L3,Pune,Full-Time,1,2025-11-11,0.9,88300,1059600,171700,83500,65200,26500,24800,1431300,1501400,1428900,-72500,3,No,,No,No,Filled,0,,0,1.06,1,0.06,1,1
EMP0385,IT,Systems Administrator,L2,Mumbai,Full-Time,1,2022-06-10,4.3,70800,849600,124400,76100,50400,26400,12200,1139100,1191500,1142400,-49100,4,No,,No,No,Filled,0,,0,1.15,1,0.15,1,1
EMP0386,Sales,Account Manager,L2,Chennai,Contract,1,2020-02-15,6.6,60200,722400,107700,48800,34600,28900,8500,950900,966800,975000,8200,3,No,,No,No,Filled,0,,0,1.26,1,0.26,1,1
EMP0387,Engineering,Senior Software Engineer,L2,Chennai,Full-Time,1,2020-01-09,6.7,89600,1075200,85900,100200,59000,22600,7800,1350700,1373800,1315700,-58100,5,No,,No,No,Filled,0,,0,1.12,1,0.12,1,1
EMP0388,Operations,Operations Executive,L2,Chennai,Full-Time,1,2023-06-30,3.3,48800,585600,43200,64100,30100,28400,24400,775800,789100,751400,-37700,4,No,,No,No,Filled,0,,0,1.18,1,0.18,1,1
EMP0389,Finance,Accountant,L2,Bengaluru,Part-Time,0.5,2024-10-23,1.9,71200,854400,83500,55700,53200,26600,20900,1094300,1069700,1135300,65600,3,Yes,2027-08-03,Yes,No,Filled,1,2027-07,28400,1,0.5,0.5,1,1
EMP0390,Finance,Financial Analyst,L2,Chennai,Full-Time,1,2020-10-06,6,72500,870000,71700,65900,34800,27200,20900,1090500,1115300,1142300,27000,3,No,,No,No,Filled,0,,0,1.03,1,0.03,1,1
EMP0391,Human Resources,Talent Acquisition Specialist,L1,Chennai,Full-Time,1,2020-01-05,6.7,45200,542400,51900,35600,32200,28300,5800,696200,688600,680200,-8400,4,No,,No,No,Filled,0,,0,1.09,1,0.09,1,1
EMP0392,Marketing,Digital Marketing Specialist,L2,Bengaluru,Full-Time,1,2023-07-13,3.2,67500,810000,89800,71300,57000,11400,14700,1054200,1057400,1083300,25900,4,No,,No,No,Filled,1,2027-02,65000,1.46,1,0.46,2,2
EMP0393,Operations,Operations Executive,L3,Hyderabad,Part-Time,0.5,2025-06-12,1.3,69300,831600,131000,58400,34300,12500,11800,1079600,1091500,1112000,20500,3,No,,No,No,Filled,0,,0,1,0.5,0.5,1,1
EMP0394,Operations,Quality Analyst,L3,Mumbai,Part-Time,0.5,2024-05-28,2.3,71400,856800,98700,54000,35500,20100,13800,1078900,1126300,1047500,-78800,3,Yes,2027-08-21,Yes,No,Filled,1,2027-09,19200,1,0.5,0.5,1,1
EMP0395,Human Resources,HR Business Partner,L2,Hyderabad,Full-Time,1,2019-02-09,7.6,56600,679200,38300,70300,30200,21400,10600,850000,830700,849500,18800,4,No,,No,No,Filled,0,,0,1.48,1,0.48,1,1
EMP0396,Operations,Operations Executive,L2,Bengaluru,Full-Time,1,2022-12-19,3.8,51300,615600,90900,41600,43700,13200,18500,823500,837200,881800,44600,3,No,,No,No,Filled,0,,0,1.19,1,0.19,1,1
EMP0397,Human Resources,HR Manager,L3,Bengaluru,Full-Time,1,2021-12-23,4.8,72700,872400,45800,95600,53200,25100,9700,1101800,1095700,1051000,-44700,3,No,,No,No,Filled,0,,0,1.59,1,0.59,1,1
EMP0398,Sales,Sales Executive,L4,Chennai,Contract,1,2024-07-10,2.2,114500,1374000,235400,104300,88600,22900,11400,1836600,1918900,1970900,52000,4,No,,No,No,Filled,0,,0,1.54,1,0.54,1,1
EMP0399,Operations,Quality Analyst,L4,Mumbai,Part-Time,0.5,2024-07-03,2.2,101000,1212000,104300,93200,95200,8200,19300,1532200,1579100,1579600,500,3,No,,No,No,Filled,0,,0,1.05,0.5,0.55,1,1
EMP0400,Finance,Financial Analyst,L2,Pune,Full-Time,1,2025-01-23,1.7,62700,752400,70900,48700,43400,13700,11900,941000,981900,1008400,26500,2,No,,No,No,Filled,0,,0,1.05,1,0.05,1,1
EMP0401,Sales,Business Development Executive,L2,Gurugram,Full-Time,1,2021-05-13,5.4,58800,705600,120500,45000,30800,11600,16900,930400,907200,1001000,93800,4,Yes,2027-04-04,Yes,No,Filled,1,2027-06,39000,1.27,1,0.27,1,1
EMP0402,Marketing,Digital Marketing Specialist,L1,Mumbai,Full-Time,1,2021-01-23,5.7,42600,511200,56900,51000,35800,24600,16600,696100,731200,735300,4100,4,No,,No,No,Filled,0,,0,1.45,1,0.45,1,1
EMP0403,Marketing,Content Strategist,L1,Bengaluru,Contract,1,2021-07-25,5.2,40300,483600,24600,35200,32200,17000,13000,605600,634900,645800,10900,5,No,,No,No,Filled,0,,0,1.56,1,0.56,1,1
EMP0404,Human Resources,HR Analyst,L3,Chennai,Full-Time,1,2019-02-09,7.6,78100,937200,131100,71500,44600,12100,11800,1208300,1211900,1278400,66500,3,No,,No,No,Filled,0,,0,1,1,0,1,1
EMP0405,Operations,Quality Analyst,L2,Mumbai,Part-Time,0.5,2019-07-15,7.2,56100,673200,80200,52000,40200,14600,16900,877100,880100,852000,-28100,4,No,,No,Yes,Filled,0,,0,1,0.5,0.5,1,1
EMP0406,Sales,Business Development Executive,L3,Hyderabad,Full-Time,1,2025-04-14,1.5,83200,998400,167000,80500,69200,22500,23600,1361200,1418500,1393400,-25100,4,No,,No,No,Filled,0,,0,1.38,1,0.38,1,1
EMP0407,Human Resources,Talent Acquisition Specialist,L2,Chennai,Full-Time,1,2022-03-11,4.6,67400,808800,82400,64400,32700,26200,21000,1035500,1004900,1061400,56500,4,No,,No,No,Filled,0,,0,1.24,1,0.24,1,1
EMP0408,Customer Success,Support Analyst,L2,Bengaluru,Part-Time,0.5,2026-03-08,0.6,43800,525600,93300,38300,22400,21100,19800,720500,694000,746200,52200,5,No,,No,No,Filled,0,,0,1,0.5,0.5,1,1
EMP0409,Sales,Sales Executive,L1,Bengaluru,Full-Time,1,2026-04-28,0.4,40900,490800,35500,46200,25500,28600,21400,648000,685800,637500,-48300,3,No,,No,No,Filled,0,,0,1.6,1,0.6,1,1
EMP0410,Operations,Quality Analyst,L2,Bengaluru,Part-Time,0.5,2020-05-27,6.3,51800,621600,59200,39200,26200,23200,14200,783600,770000,807000,37000,4,No,,No,No,Filled,1,2026-12,29900,1,0.5,0.5,2,2
EMP0411,Customer Success,Customer Support Executive,L1,Pune,Full-Time,1,2019-04-18,7.5,35200,422400,66300,46100,25000,15700,12300,587800,611600,583500,-28100,4,No,,No,No,Filled,0,,0,1.07,1,0.07,1,1
EMP0412,Sales,Business Development Executive,L2,Bengaluru,Full-Time,1,2023-12-21,2.8,54200,650400,72000,57800,47900,12900,12600,853600,888500,902300,13800,4,Yes,2026-12-27,Yes,Yes,Filled,1,2027-03,36100,1.24,1,0.24,1,1
EMP0413,IT,IT Manager,L5,Mumbai,Contract,1,2025-02-24,1.6,168300,2019600,345800,135600,156200,23000,15600,2695800,2596800,2727700,130900,4,No,,No,Yes,Filled,0,,0,1.21,1,0.21,1,1
EMP0414,IT,IT Manager,L2,Chennai,Full-Time,1,2022-11-23,3.9,64600,775200,104900,91700,48400,23700,6400,1050300,1052200,1013700,-38500,4,No,,No,Yes,Filled,0,,0,1.35,1,0.35,1,1
EMP0415,Finance,Finance Manager,L1,Mumbai,Full-Time,1,2020-07-12,6.2,55300,663600,90300,42900,36000,20100,13100,866000,903600,914400,10800,3,No,,No,Yes,Open,1,2027-05,46800,1.18,1,0.18,2,2
EMP0416,Marketing,Marketing Executive,L3,Hyderabad,Full-Time,1,2019-01-30,7.7,76900,922800,58800,75000,52200,22900,18200,1149900,1112000,1151500,39500,4,No,,No,No,Filled,0,,0,1.05,1,0.05,1,1
EMP0417,Customer Success,Team Lead,L1,Gurugram,Full-Time,1,2021-09-08,5.1,33200,398400,62800,24900,22600,11700,22600,543000,551500,532200,-19300,4,No,,No,No,Filled,0,,0,1.27,1,0.27,1,1
EMP0418,Marketing,Content Strategist,L1,Gurugram,Full-Time,1,2022-04-01,4.5,48500,582000,101600,42600,43900,28600,23300,822000,841400,848200,6800,3,No,,No,No,Filled,0,,0,1.2,1,0.2,1,1
EMP0419,Operations,Operations Executive,L1,Mumbai,Full-Time,1,2020-02-23,6.6,42200,506400,60300,51000,28900,24100,21500,692200,674600,732500,57900,3,Yes,2027-05-13,Yes,No,Filled,1,2026-12,43400,1.51,1,0.51,1,1
EMP0420,Engineering,DevOps Engineer,L1,Pune,Full-Time,1,2024-08-03,2.2,63500,762000,75600,87600,38100,26600,14700,1004600,1016100,994700,-21400,5,No,,No,No,Filled,0,,0,1.32,1,0.32,1,1
EMP0421,Finance,Financial Analyst,L1,Pune,Full-Time,1,2024-04-09,2.5,47200,566400,31200,43200,22800,29500,24300,717400,717100,749500,32400,3,No,,No,No,Filled,1,2027-09,34300,1.39,1,0.39,2,2
EMP0422,Human Resources,HR Manager,L3,Pune,Full-Time,1,2019-05-18,7.4,88900,1066800,184600,89600,76100,13900,24800,1455800,1401300,1497200,95900,3,No,,No,Yes,Filled,0,,0,1.38,1,0.38,1,1
EMP0423,Customer Success,Support Analyst,L4,Bengaluru,Full-Time,1,2019-06-22,7.3,92100,1105200,72600,128500,52200,21700,9500,1389700,1376800,1418900,42100,4,No,,No,No,Filled,0,,0,1.21,1,0.21,1,1
EMP0424,Operations,Operations Executive,L3,Bengaluru,Contract,1,2021-08-24,5.1,64800,777600,56200,66200,54700,27800,6700,989200,988500,952600,-35900,4,No,,No,No,Filled,1,2027-01,18800,1.38,1,0.38,2,2
EMP0425,Engineering,Software Engineer,L2,Chennai,Full-Time,1,2025-09-08,1.1,88600,1063200,75700,78700,43500,26400,24500,1312000,1277300,1285900,8600,3,No,,No,No,Filled,0,,0,1.53,1,0.53,1,1
EMP0426,Operations,Operations Executive,L1,Chennai,Full-Time,1,2025-01-05,1.7,44100,529200,55300,33400,22000,20600,12900,673400,648400,690800,42400,4,Yes,2027-01-28,Yes,No,Filled,1,2027-08,18500,1.47,1,0.47,1,1
EMP0427,Operations,Quality Analyst,L3,Gurugram,Full-Time,1,2023-01-07,3.7,67600,811200,44800,77300,45400,29400,15900,1024000,1011200,1067200,56000,4,No,,No,Yes,Filled,0,,0,1.11,1,0.11,1,1
EMP0428,IT,Systems Administrator,L2,Mumbai,Full-Time,1,2024-04-02,2.5,78700,944400,93200,87800,39700,17400,21600,1204100,1252900,1179000,-73900,3,No,,No,No,Filled,1,2026-12,28600,1.49,1,0.49,2,2
EMP0429,IT,Cybersecurity Analyst,L3,Mumbai,Full-Time,1,2019-01-03,7.7,106900,1282800,80000,111600,68600,27200,6700,1576900,1547100,1652300,105200,4,No,,No,No,Filled,0,,0,1,1,0,1,1
EMP0430,Operations,Process Analyst,L2,Gurugram,Full-Time,1,2025-01-16,1.7,52700,632400,68000,50600,35300,19700,8200,814200,828200,858700,30500,5,No,,No,No,Filled,0,,0,1.45,1,0.45,1,1
EMP0431,Marketing,Marketing Manager,L2,Hyderabad,Full-Time,1,2024-11-13,1.9,55300,663600,46100,50500,36100,17000,18600,831900,803300,794100,-9200,4,Yes,2026-12-06,Yes,No,Filled,1,2026-11,36400,1.41,1,0.41,1,1
EMP0432,IT,Systems Administrator,L1,Mumbai,Full-Time,1,2023-05-11,3.4,48900,586800,78300,44400,44300,27700,10900,792400,778900,795100,16200,4,No,,No,No,Filled,0,,0,1.09,1,0.09,1,1
EMP0433,Sales,Sales Executive,L4,Bengaluru,Full-Time,1,2019-11-24,6.9,114600,1375200,216400,138100,100400,16700,8100,1854900,1917600,1849100,-68500,4,No,,No,No,Filled,0,,0,1.39,1,0.39,1,1
EMP0434,Operations,Operations Executive,L3,Hyderabad,Full-Time,1,2019-10-16,7,66900,802800,48600,96000,37100,29700,24500,1038700,1079600,1075800,-3800,5,Yes,2027-01-19,Yes,No,Filled,1,2027-09,45200,1.53,1,0.53,1,1
EMP0435,Human Resources,Talent Acquisition Specialist,L2,Bengaluru,Full-Time,1,2021-10-15,5,57500,690000,76500,67000,38900,17400,11600,901400,916200,956000,39800,4,No,,No,No,Filled,0,,0,1.06,1,0.06,1,1
EMP0436,Operations,Quality Analyst,L3,Pune,Part-Time,0.5,2020-11-14,5.9,79500,954000,133200,104400,59400,25100,5300,1281400,1335000,1224000,-111000,4,No,,No,No,Filled,0,,0,1,0.5,0.5,1,1
EMP0437,IT,Cybersecurity Analyst,L4,Mumbai,Contract,1,2022-08-22,4.1,144600,1735200,153100,126000,122500,13600,22300,2172700,2108100,2099600,-8500,5,No,,No,Yes,Filled,0,,0,1.61,1,0.61,1,1
EMP0438,Operations,Process Analyst,L2,Bengaluru,Full-Time,1,2025-03-03,1.6,55200,662400,106000,52600,44400,21100,17100,903600,929100,926000,-3100,5,No,,No,No,Filled,0,,0,1.22,1,0.22,1,1
EMP0439,Engineering,Engineering Manager,L2,Mumbai,Full-Time,1,2022-05-21,4.4,81100,973200,145900,71600,65900,13100,17500,1287200,1331900,1259400,-72500,2,No,,No,No,Filled,0,,0,1,1,0,1,1
EMP0440,Marketing,Digital Marketing Specialist,L1,Pune,Full-Time,1,2020-07-20,6.2,41200,494400,63700,54900,20700,24200,11800,669700,675000,717100,42100,3,No,,No,No,Filled,0,,0,1.15,1,0.15,1,1
EMP0441,Customer Success,Customer Success Manager,L3,Chennai,Full-Time,1,2024-05-30,2.3,65200,782400,40500,50800,39400,8600,17600,939300,941800,959300,17500,3,No,,No,No,Filled,0,,0,1.04,1,0.04,1,1
EMP0442,Marketing,Marketing Executive,L3,Mumbai,Full-Time,1,2019-08-18,7.1,77800,933600,127200,110100,39200,27600,16500,1254200,1274800,1273100,-1700,5,No,,No,No,Filled,0,,0,1,1,0,1,1
EMP0443,Sales,Account Manager,L3,Mumbai,Contract,1,2026-02-09,0.6,73200,878400,112500,70700,67400,16900,7900,1153800,1190100,1140100,-50000,4,No,,No,No,Filled,0,,0,1.29,1,0.29,1,1
EMP0444,Finance,Finance Manager,L2,Bengaluru,Full-Time,1,2026-07-22,0.2,69400,832800,139100,89600,55800,23000,23900,1164200,1152100,1106200,-45900,4,No,,No,No,Filled,0,,0,1.11,1,0.11,1,1
EMP0445,Human Resources,HR Manager,L1,Pune,Full-Time,1,2022-10-08,4,42200,506400,68900,49600,32300,8400,19600,685200,680000,710200,30200,3,No,,No,Yes,Filled,1,2027-06,44200,1.16,1,0.16,2,2
EMP0446,Customer Success,Customer Success Manager,L3,Pune,Full-Time,1,2024-06-21,2.3,59400,712800,44400,78300,54700,22300,7100,919600,919800,960800,41000,4,No,,No,No,Open,1,2027-06,54700,1,1,0,2,2
EMP0447,Human Resources,HR Analyst,L1,Pune,Full-Time,1,2025-06-17,1.3,39600,475200,67800,38700,23800,8300,15800,629600,658000,676500,18500,3,No,,No,No,Filled,0,,0,1.32,1,0.32,1,1
EMP0448,Engineering,Engineering Manager,L1,Hyderabad,Full-Time,1,2023-12-17,2.8,65000,780000,47600,72500,43100,21400,12800,977400,961800,940600,-21200,4,No,,No,No,Filled,0,,0,1.14,1,0.14,1,1
EMP0449,Finance,Financial Analyst,L1,Gurugram,Full-Time,1,2025-12-18,0.8,44200,530400,38700,63200,30600,19700,22500,705100,747100,723300,-23800,5,No,,No,No,Filled,0,,0,1.49,1,0.49,1,1
EMP0450,Sales,Sales Manager,L2,Gurugram,Full-Time,1,2025-01-12,1.7,58100,697200,62600,58700,46600,23000,11300,899400,875400,928400,53000,3,No,,No,No,Filled,0,,0,1.01,1,0.01,1,1
EMP0451,Finance,Financial Analyst,L2,Chennai,Full-Time,1,2021-11-12,4.9,67400,808800,113300,82500,56700,27200,15000,1103500,1139900,1137100,-2800,3,No,,No,No,Filled,1,2027-08,26800,1,1,0,2,2
EMP0452,Engineering,Software Engineer,L2,Hyderabad,Full-Time,1,2026-05-27,0.3,81300,975600,105000,94700,72200,12300,7500,1267300,1338700,1221700,-117000,4,Yes,2027-02-27,Yes,No,Filled,1,2027-01,40500,1.33,1,0.33,1,1
EMP0453,Customer Success,Customer Support Executive,L4,Pune,Part-Time,0.5,2024-12-17,1.8,88700,1064400,65100,67500,47100,20900,15900,1280900,1259600,1323100,63500,3,No,,No,No,Filled,0,,0,1,0.5,0.5,1,1
EMP0454,Engineering,Senior Software Engineer,L4,Hyderabad,Full-Time,1,2023-05-31,3.3,136400,1636800,187800,165900,82000,14800,17300,2104600,2209400,2221000,11600,4,Yes,2027-03-30,Yes,Yes,Filled,1,2027-02,45400,1.43,1,0.43,1,1
EMP0455,Human Resources,Talent Acquisition Specialist,L1,Gurugram,Full-Time,1,2023-05-05,3.4,44000,528000,70400,46400,25100,23400,16100,709400,706500,758000,51500,5,No,,No,Yes,Filled,0,,0,1,1,0,1,1
EMP0456,Finance,Finance Manager,L4,Chennai,Full-Time,1,2023-04-15,3.5,112900,1354800,77800,143600,92200,15300,18500,1702200,1701500,1784400,82900,4,No,,No,No,Filled,0,,0,1.24,1,0.24,1,1
EMP0457,Finance,Accountant,L5,Mumbai,Full-Time,1,2025-01-29,1.7,161100,1933200,331600,145100,86600,20900,24400,2541800,2536200,2435200,-101000,3,No,,No,No,Filled,0,,0,1.16,1,0.16,1,1
EMP0458,Finance,Finance Manager,L3,Mumbai,Contract,1,2023-10-28,2.9,89200,1070400,76100,106500,85500,17900,12100,1368500,1368600,1320600,-48000,5,No,,No,No,Open,1,2026-12,59500,1.21,1,0.21,2,2
EMP0459,Operations,Operations Executive,L2,Chennai,Full-Time,1,2022-07-24,4.2,51200,614400,83400,53200,40500,9400,21300,822200,866600,850400,-16200,5,No,,No,Yes,Filled,0,,0,1.59,1,0.59,1,1
EMP0460,Customer Success,Support Analyst,L2,Chennai,Contract,1,2022-01-26,4.7,44200,530400,59400,51000,33600,16800,11800,703000,683800,703700,19900,3,No,,No,No,Filled,0,,0,1.03,1,0.03,1,1
EMP0461,Marketing,Digital Marketing Specialist,L2,Bengaluru,Full-Time,1,2023-01-11,3.7,64700,776400,59900,49300,48200,21100,22400,977300,994600,972300,-22300,2,No,,No,No,Filled,0,,0,1.48,1,0.48,1,1
EMP0462,Operations,Process Analyst,L3,Pune,Full-Time,1,2020-11-01,5.9,72000,864000,52100,81200,65900,16700,10900,1090800,1062800,1057700,-5100,3,Yes,2026-10-08,Yes,No,Open,1,2027-01,38300,1.34,1,0.34,1,1
EMP0463,Human Resources,HR Analyst,L1,Pune,Part-Time,0.5,2024-06-29,2.3,40600,487200,83900,51300,30900,26200,6600,686100,691400,708000,16600,4,No,,No,No,Filled,0,,0,1,0.5,0.5,1,1
EMP0464,Customer Success,Support Analyst,L2,Chennai,Full-Time,1,2025-01-05,1.7,52400,628800,54100,73200,28300,27300,24400,836100,817500,872800,55300,4,No,,No,No,Filled,0,,0,1,1,0,1,1
EMP0465,Engineering,Senior Software Engineer,L2,Pune,Contract,1,2019-06-10,7.3,84100,1009200,118200,95700,78100,22800,14600,1338600,1393400,1437100,43700,4,No,,No,No,Filled,0,,0,1,1,0,1,1
EMP0466,Customer Success,Support Analyst,L3,Hyderabad,Full-Time,1,2023-09-27,3,74200,890400,54500,96900,45600,10900,13800,1112100,1139200,1111600,-27600,3,No,,No,No,Filled,0,,0,1,1,0,1,1
EMP0467,IT,IT Support Analyst,L3,Gurugram,Full-Time,1,2025-07-25,1.2,98500,1182000,197800,98100,57500,17700,6000,1559100,1624700,1648600,23900,5,No,,No,No,Filled,0,,0,1.33,1,0.33,1,1
EMP0468,Finance,Accountant,L2,Chennai,Part-Time,0.5,2024-02-06,2.6,63400,760800,117100,71000,55600,21900,20700,1047100,1067900,1051100,-16800,3,No,,No,No,Filled,0,,0,1.03,0.5,0.53,1,1
EMP0469,Sales,Sales Executive,L1,Pune,Full-Time,1,2019-12-16,6.8,46200,554400,71300,40600,36100,20600,8700,731700,706800,752600,45800,4,No,,No,No,Filled,0,,0,1.45,1,0.45,1,1
EMP0470,Customer Success,Team Lead,L1,Bengaluru,Contract,1,2025-05-05,1.4,36800,441600,35100,44200,19100,17700,8300,566000,553800,552600,-1200,5,No,,No,No,Filled,0,,0,1.19,1,0.19,1,1
EMP0471,Engineering,DevOps Engineer,L2,Chennai,Full-Time,1,2024-01-02,2.7,76000,912000,92800,82700,54100,16400,21800,1179800,1149800,1198400,48600,3,No,,No,No,Open,1,2026-10,20900,1,1,0,2,2
EMP0472,Marketing,Marketing Executive,L2,Pune,Full-Time,1,2019-01-24,7.7,62100,745200,92100,84000,46400,29100,6000,1002800,972500,958400,-14100,4,No,,No,No,Filled,0,,0,1.05,1,0.05,1,1
EMP0473,IT,IT Support Analyst,L2,Gurugram,Full-Time,1,2025-02-19,1.6,71800,861600,115400,54100,67100,26500,10900,1135600,1098900,1103900,5000,3,No,,No,No,Filled,0,,0,1.01,1,0.01,1,1
EMP0474,Engineering,Engineering Manager,L1,Gurugram,Full-Time,1,2025-10-07,1,58200,698400,82000,52200,37900,29800,18700,919000,969500,890100,-79400,3,No,,No,Yes,Filled,0,,0,1.19,1,0.19,1,1
EMP0475,Marketing,Digital Marketing Specialist,L4,Chennai,Full-Time,1,2019-05-27,7.3,111200,1334400,80000,80400,89200,22100,13200,1619300,1633800,1625800,-8000,3,No,,No,No,Filled,1,2027-04,19100,1.15,1,0.15,2,2
EMP0476,Sales,Sales Manager,L2,Gurugram,Full-Time,1,2022-01-29,4.7,55700,668400,42000,78500,42800,24000,11300,867000,866400,850400,-16000,3,No,,No,No,Filled,1,2027-07,22600,1.05,1,0.05,2,2
EMP0477,Sales,Business Development Executive,L3,Mumbai,Contract,1,2022-03-22,4.5,88700,1064400,147000,98800,62800,28300,6500,1407800,1391000,1401500,10500,4,No,,No,No,Filled,0,,0,1.47,1,0.47,1,1
EMP0478,Finance,Accountant,L2,Chennai,Full-Time,1,2021-01-06,5.7,74600,895200,72800,100700,65600,12900,13000,1160200,1161300,1249700,88400,5,No,,No,No,Filled,1,2027-05,26500,1.48,1,0.48,2,2
EMP0479,Sales,Account Manager,L3,Pune,Full-Time,1,2022-09-29,4,78600,943200,136800,80400,59500,26300,21100,1267300,1326400,1213800,-112600,3,No,,No,No,Filled,0,,0,1.4,1,0.4,1,1
EMP0480,Marketing,Marketing Executive,L2,Mumbai,Full-Time,1,2019-01-26,7.7,55100,661200,68800,61400,37100,19400,24900,872800,849700,905800,56100,3,No,,No,No,Filled,0,,0,1.2,1,0.2,1,1
EMP0481,Finance,Senior Financial Analyst,L2,Hyderabad,Contract,1,2024-05-16,2.4,59500,714000,50400,83500,53700,28000,24800,954400,936100,950800,14700,5,No,,No,No,Filled,0,,0,1.39,1,0.39,1,1
EMP0482,Operations,Quality Analyst,L3,Pune,Contract,1,2019-08-18,7.1,70900,850800,88800,69300,54200,20700,8200,1092000,1099800,1116000,16200,5,No,,No,No,Filled,0,,0,1.32,1,0.32,1,1
EMP0483,Human Resources,Talent Acquisition Specialist,L3,Hyderabad,Full-Time,1,2020-09-03,6.1,75900,910800,133400,56000,49400,25200,16300,1191100,1174600,1239200,64600,3,Yes,2027-04-11,Yes,No,Filled,1,2027-07,44700,1.48,1,0.48,1,1
EMP0484,Customer Success,Customer Success Manager,L2,Hyderabad,Full-Time,1,2022-07-12,4.2,51800,621600,80400,55500,28200,13700,13400,812800,829000,826400,-2600,4,No,,No,Yes,Filled,0,,0,1.12,1,0.12,1,1
EMP0485,Marketing,Digital Marketing Specialist,L2,Bengaluru,Full-Time,1,2019-06-03,7.3,52900,634800,72700,49000,44000,8500,16700,825700,870400,803100,-67300,4,No,,No,No,Filled,0,,0,1.25,1,0.25,1,1
EMP0486,Finance,Senior Financial Analyst,L2,Pune,Full-Time,1,2024-11-14,1.9,58800,705600,92700,65600,39700,19500,22900,946000,926700,901500,-25200,3,No,,No,No,Filled,0,,0,1.52,1,0.52,1,1
EMP0487,Finance,Senior Financial Analyst,L3,Pune,Full-Time,1,2024-11-09,1.9,90900,1090800,180800,104500,79000,17500,20000,1492600,1569200,1529000,-40200,3,No,,No,Yes,Filled,0,,0,1.05,1,0.05,1,1
EMP0488,Operations,Quality Analyst,L4,Gurugram,Full-Time,1,2026-05-23,0.4,89200,1070400,81200,80100,55900,20200,16800,1324600,1328100,1364300,36200,4,Yes,2027-03-09,Yes,No,Filled,1,2027-01,21800,1,1,0,1,1
EMP0489,Human Resources,HR Business Partner,L1,Hyderabad,Full-Time,1,2026-07-11,0.2,41700,500400,58700,36400,25700,16800,21200,659200,633700,681900,48200,3,No,,No,No,Filled,0,,0,1.39,1,0.39,1,1
EMP0490,Sales,Account Manager,L2,Mumbai,Full-Time,1,2020-08-02,6.2,65700,788400,135000,48300,36400,27500,14200,1049800,1067100,1087800,20700,5,No,,No,No,Filled,0,,0,1.4,1,0.4,1,1
EMP0491,Operations,Quality Analyst,L1,Gurugram,Full-Time,1,2026-07-29,0.2,44100,529200,95000,54600,27200,27400,6000,739400,726900,788700,61800,2,No,,No,Yes,Filled,0,,0,1.1,1,0.1,1,1
EMP0492,IT,Cybersecurity Analyst,L2,Bengaluru,Full-Time,1,2026-07-10,0.2,65800,789600,53700,88100,47400,22800,9800,1011400,1047600,1060800,13200,5,Yes,2027-05-27,Yes,No,Filled,1,2027-09,32700,1.21,1,0.21,1,1
EMP0493,IT,IT Support Analyst,L2,Chennai,Full-Time,1,2024-03-21,2.5,65600,787200,139300,77700,60900,14700,20600,1100400,1140700,1144300,3600,4,No,,No,No,Filled,0,,0,1.6,1,0.6,1,1
EMP0494,Operations,Quality Analyst,L1,Chennai,Full-Time,1,2022-08-23,4.1,38500,462000,31000,46300,32000,20700,9100,601100,607400,595400,-12000,4,Yes,2027-06-01,Yes,Yes,Filled,1,2026-12,38100,1.37,1,0.37,1,1
EMP0495,Marketing,Marketing Manager,L2,Bengaluru,Full-Time,1,2023-07-20,3.2,64900,778800,62500,65700,39500,12400,20700,979600,1029500,977800,-51700,5,No,,No,No,Filled,0,,0,1.45,1,0.45,1,1
EMP0496,IT,IT Manager,L2,Bengaluru,Full-Time,1,2025-02-22,1.6,78600,943200,150900,66900,73800,16300,11800,1262900,1220300,1279600,59300,3,No,,No,Yes,Filled,0,,0,1,1,0,1,1
EMP0497,Customer Success,Team Lead,L2,Hyderabad,Full-Time,1,2021-08-25,5.1,45500,546000,49800,59300,41000,14700,22200,733000,766500,769200,2700,3,No,,No,No,Filled,0,,0,1.02,1,0.02,1,1
EMP0498,Sales,Business Development Executive,L2,Gurugram,Part-Time,0.5,2020-12-22,5.8,64000,768000,132800,77500,40900,19000,17900,1056100,1067800,1019800,-48000,3,No,,No,No,Filled,0,,0,1,0.5,0.5,1,1
EMP0499,Customer Success,Support Analyst,L2,Chennai,Full-Time,1,2021-06-10,5.3,52600,631200,102200,43100,49300,15200,18200,859200,889400,906900,17500,5,No,,No,No,Filled,1,2026-12,62500,1.14,1,0.14,2,2
EMP0500,Finance,Accountant,L2,Pune,Full-Time,1,2024-01-06,2.7,72300,867600,58200,88800,60500,22900,10000,1108000,1160400,1076900,-83500,3,No,,No,No,Filled,0,,0,1,1,0,1,1
EMP0501,Marketing,Content Strategist,L3,Hyderabad,Contract,1,2025-07-14,1.2,87000,1044000,116700,115800,57800,11700,21700,1367700,1388100,1333000,-55100,2,No,,No,No,Filled,0,,0,1.42,1,0.42,1,1
EMP0502,Operations,Operations Executive,L1,Mumbai,Part-Time,0.5,2023-01-11,3.7,39700,476400,61200,41800,34800,26300,19200,659700,640300,698700,58400,3,No,,No,Yes,Filled,0,,0,1,0.5,0.5,1,1
EMP0503,Operations,Quality Analyst,L2,Pune,Full-Time,1,2026-06-06,0.3,55500,666000,64700,75100,46000,10500,13200,875500,918100,837100,-81000,3,Yes,2027-07-12,Yes,No,Open,1,2027-04,63200,1.4,1,0.4,1,1
EMP0504,Finance,Finance Manager,L5,Chennai,Full-Time,1,2019-02-17,7.6,170700,2048400,174500,153500,159100,14600,20500,2570600,2568800,2488600,-80200,2,Yes,2027-06-07,Yes,No,Open,1,2026-12,18500,1.3,1,0.3,1,1
EMP0505,Sales,Account Manager,L2,Pune,Part-Time,0.5,2025-10-11,1,68600,823200,80700,67000,44300,19500,13800,1048500,1098800,1065000,-33800,5,No,,No,No,Filled,0,,0,1,0.5,0.5,1,1
EMP0506,Customer Success,Support Analyst,L1,Pune,Full-Time,1,2025-06-25,1.3,33000,396000,70400,29700,17000,22600,16900,552600,553400,555300,1900,4,No,,No,No,Filled,0,,0,1.47,1,0.47,1,1
EMP0507,Operations,Operations Executive,L5,Mumbai,Full-Time,1,2023-02-18,3.6,121300,1455600,228000,144000,82600,18100,10100,1938400,2006700,1970700,-36000,3,No,,No,No,Filled,0,,0,1.14,1,0.14,1,1
EMP0508,Marketing,Content Strategist,L2,Mumbai,Part-Time,0.5,2019-12-29,6.8,62500,750000,134600,64600,57600,15600,6100,1028500,1008400,1033100,24700,3,No,,No,No,Filled,0,,0,1,0.5,0.5,1,1
EMP0509,Marketing,Marketing Executive,L4,Mumbai,Full-Time,1,2024-04-04,2.5,95000,1140000,192600,126100,79400,11700,7400,1557200,1505400,1625900,120500,4,No,,No,No,Filled,0,,0,1.57,1,0.57,1,1
EMP0510,Marketing,Marketing Manager,L1,Chennai,Contract,1,2022-05-30,4.3,44800,537600,35200,48800,29000,16200,17400,684200,706000,659800,-46200,4,No,,No,Yes,Filled,0,,0,1,1,0,1,1
EMP0511,Engineering,Engineering Manager,L3,Mumbai,Full-Time,1,2024-06-08,2.3,131800,1581600,126900,100000,75300,8900,12800,1905500,1982200,1894800,-87400,3,No,,No,No,Filled,0,,0,1.23,1,0.23,1,1
EMP0512,Marketing,Marketing Manager,L3,Gurugram,Full-Time,1,2025-10-09,1,86100,1033200,120000,115400,77100,8200,20600,1374500,1382800,1482500,99700,3,No,,No,No,Filled,0,,0,1.26,1,0.26,1,1
EMP0513,Marketing,Digital Marketing Specialist,L2,Mumbai,Part-Time,0.5,2022-11-05,3.9,68800,825600,122300,61900,50800,29800,22200,1112600,1078900,1159100,80200,5,No,,No,No,Filled,0,,0,1,0.5,0.5,1,1
EMP0514,Customer Success,Team Lead,L1,Pune,Full-Time,1,2020-11-16,5.9,31700,380400,39000,28200,27700,15400,21600,512300,491800,507200,15400,3,No,,No,No,Filled,0,,0,1.09,1,0.09,1,1
EMP0515,Sales,Sales Executive,L1,Pune,Full-Time,1,2024-05-04,2.4,42400,508800,30000,36200,31700,14400,13300,634400,632900,674900,42000,4,No,,No,No,Filled,0,,0,1.55,1,0.55,1,1
EMP0516,IT,Cybersecurity Analyst,L1,Pune,Full-Time,1,2024-01-13,2.7,53200,638400,59300,42400,49900,9300,11000,810300,802000,803500,1500,4,No,,No,No,Open,1,2026-11,25700,1.47,1,0.47,2,2
EMP0517,Operations,Quality Analyst,L2,Chennai,Part-Time,0.5,2022-10-04,4,47500,570000,75500,38400,24400,28000,8800,745100,776500,760600,-15900,3,No,,No,No,Filled,0,,0,1,0.5,0.5,1,1
EMP0518,Human Resources,Talent Acquisition Specialist,L3,Mumbai,Full-Time,1,2021-01-06,5.7,92200,1106400,90800,123500,51700,26800,5300,1404500,1420200,1474800,54600,3,Yes,2026-10-05,Yes,No,Filled,1,2026-11,61900,1.56,1,0.56,1,1
EMP0519,Sales,Business Development Executive,L2,Chennai,Full-Time,1,2021-03-01,5.6,66100,793200,131200,57100,40700,14400,12500,1049100,1048400,1070900,22500,2,No,,No,Yes,Filled,0,,0,1.03,1,0.03,1,1
EMP0520,Human Resources,Talent Acquisition Specialist,L2,Chennai,Contract,1,2019-12-20,6.8,64000,768000,55100,60400,46200,25500,19800,975000,998900,946000,-52900,5,Yes,2027-07-17,Yes,No,Filled,1,2026-11,43700,1,1,0,1,1
EMP0521,Finance,Finance Manager,L1,Chennai,Contract,1,2026-03-01,0.6,47900,574800,59600,35900,29300,29000,24100,752700,749100,719300,-29800,4,No,,No,No,Filled,0,,0,1.05,1,0.05,1,1
EMP0522,Operations,Operations Manager,L1,Gurugram,Full-Time,1,2019-09-13,7,38500,462000,80000,31600,32600,10400,24600,641200,640000,673800,33800,4,No,,No,Yes,Open,1,2027-02,34100,1.36,1,0.36,2,2
EMP0523,Finance,Accountant,L1,Bengaluru,Full-Time,1,2020-12-31,5.7,45400,544800,37600,63400,41800,27500,17500,732600,762500,702500,-60000,4,Yes,2027-07-04,Yes,No,Filled,1,2027-08,33700,1.14,1,0.14,1,1
EMP0524,Sales,Business Development Executive,L3,Gurugram,Full-Time,1,2019-10-16,7,85200,1022400,98400,70500,65300,25900,12600,1295100,1260400,1263500,3100,4,No,,No,No,Filled,0,,0,1.09,1,0.09,1,1
EMP0525,Engineering,Software Engineer,L3,Hyderabad,Full-Time,1,2022-09-12,4,110300,1323600,176800,127100,89800,16000,21500,1754800,1720400,1774100,53700,5,No,,No,No,Open,1,2027-05,55600,1.05,1,0.05,2,2
EMP0526,IT,IT Manager,L2,Chennai,Full-Time,1,2019-10-15,7,63700,764400,126000,61600,51500,8600,18800,1030900,1022300,986800,-35500,4,Yes,2027-06-04,Yes,No,Filled,1,2027-03,46700,1.09,1,0.09,1,1
EMP0527,Operations,Operations Manager,L2,Chennai,Contract,1,2026-04-04,0.5,51200,614400,37200,42300,31900,10000,23200,759000,729100,768800,39700,3,No,,No,No,Filled,0,,0,1.01,1,0.01,1,1
EMP0528,Marketing,Digital Marketing Specialist,L1,Gurugram,Contract,1,2026-05-30,0.3,43300,519600,88500,36200,40900,12500,19800,717500,728000,764100,36100,3,No,,No,No,Filled,0,,0,1.31,1,0.31,1,1
EMP0529,Sales,Business Development Executive,L3,Bengaluru,Full-Time,1,2019-04-14,7.5,83000,996000,75100,69700,76400,15200,12400,1244800,1289600,1237400,-52200,4,No,,No,No,Filled,0,,0,1.59,1,0.59,1,1
EMP0530,Marketing,Content Strategist,L2,Pune,Contract,1,2019-03-09,7.6,64800,777600,99300,87800,32600,13700,14300,1025300,1007600,1073200,65600,2,Yes,2026-10-22,Yes,No,Filled,1,2027-08,61200,1.22,1,0.22,1,1
EMP0531,IT,Systems Administrator,L3,Bengaluru,Contract,1,2019-06-01,7.3,91900,1102800,193000,95600,65700,15700,23200,1496000,1521300,1569400,48100,4,No,,No,Yes,Filled,0,,0,1.49,1,0.49,1,1
EMP0532,Human Resources,HR Analyst,L1,Chennai,Full-Time,1,2022-06-12,4.3,43800,525600,55900,58300,28700,25500,23800,717800,733800,751100,17300,5,Yes,2027-08-09,Yes,No,Filled,1,2026-11,55800,1.51,1,0.51,1,1
EMP0533,Sales,Business Development Executive,L2,Mumbai,Full-Time,1,2021-04-10,5.5,59200,710400,40300,59800,47600,17900,20000,896000,892100,925100,33000,4,No,,No,No,Filled,0,,0,1.05,1,0.05,1,1
EMP0534,Finance,Finance Manager,L3,Bengaluru,Full-Time,1,2025-08-26,1.1,95000,1140000,137900,82400,58900,24500,14700,1458400,1431600,1568900,137300,3,Yes,2027-02-18,Yes,No,Filled,1,2027-09,51600,1.59,1,0.59,1,1
EMP0535,Operations,Process Analyst,L2,Mumbai,Full-Time,1,2020-02-14,6.6,51800,621600,69500,70800,37900,23600,10000,833400,837300,805100,-32200,4,No,,No,No,Filled,0,,0,1.06,1,0.06,1,1
EMP0536,Sales,Sales Executive,L1,Gurugram,Full-Time,1,2025-08-28,1.1,39600,475200,26200,56400,23600,22600,21800,625800,635200,607000,-28200,5,No,,No,No,Filled,0,,0,1.43,1,0.43,1,1
EMP0537,Human Resources,HR Analyst,L2,Mumbai,Full-Time,1,2021-09-06,5.1,62500,750000,108800,79600,59300,20600,11800,1030100,1055700,987800,-67900,5,No,,No,Yes,Filled,0,,0,1.55,1,0.55,1,1
EMP0538,Sales,Sales Manager,L2,Gurugram,Full-Time,1,2021-02-25,5.6,54700,656400,60800,71500,41900,16700,14500,861800,901000,856800,-44200,3,No,,No,Yes,Filled,0,,0,1.53,1,0.53,1,1
EMP0539,Human Resources,HR Manager,L3,Chennai,Full-Time,1,2019-08-06,7.2,73200,878400,132600,97400,41500,17500,8300,1175700,1211700,1198700,-13000,3,No,,No,No,Open,1,2027-05,47900,1.06,1,0.06,2,2
EMP0540,IT,Systems Administrator,L1,Gurugram,Full-Time,1,2023-01-31,3.7,49200,590400,32700,46800,36800,26900,18300,751900,754600,807500,52900,3,No,,No,No,Filled,0,,0,1.42,1,0.42,1,1
EMP0541,Engineering,Software Engineer,L3,Mumbai,Full-Time,1,2019-04-30,7.4,129800,1557600,184700,117700,65600,24000,7400,1957000,1938000,1994600,56600,4,Yes,2027-01-29,Yes,No,Filled,1,2027-03,44500,1.34,1,0.34,1,1
EMP0542,Customer Success,Customer Success Manager,L3,Hyderabad,Full-Time,1,2020-03-27,6.5,59900,718800,71400,69700,56600,24000,23500,964000,998900,990000,-8900,3,Yes,2027-04-30,Yes,No,Filled,1,2027-01,27000,1.39,1,0.39,1,1
EMP0543,Sales,Business Development Executive,L2,Gurugram,Part-Time,0.5,2020-08-16,6.1,62900,754800,96900,67500,46200,15400,15400,996200,976000,1050700,74700,3,No,,No,No,Filled,0,,0,1,0.5,0.5,1,1
EMP0544,Human Resources,HR Business Partner,L5,Bengaluru,Full-Time,1,2019-05-12,7.4,135400,1624800,173400,161700,93400,14100,16200,2083600,2072600,2232100,159500,4,Yes,2026-12-09,Yes,Yes,Filled,1,2027-04,61400,1.27,1,0.27,1,1
EMP0545,Finance,Finance Manager,L1,Hyderabad,Full-Time,1,2026-02-26,0.6,47200,566400,82600,35200,33400,15400,23400,756400,727100,772900,45800,5,No,,No,No,Filled,0,,0,1.44,1,0.44,1,1
EMP0546,Customer Success,Team Lead,L3,Bengaluru,Full-Time,1,2024-03-10,2.6,65500,786000,48000,93000,47700,21500,9700,1005900,1014300,1011700,-2600,3,No,,No,No,Filled,0,,0,1,1,0,1,1
EMP0547,Human Resources,Talent Acquisition Specialist,L4,Mumbai,Part-Time,0.5,2023-09-08,3.1,98100,1177200,187000,87600,56300,19100,20400,1547600,1495300,1586300,91000,5,Yes,2027-05-29,Yes,No,Filled,1,2027-04,23600,1,0.5,0.5,1,1
EMP0548,Customer Success,Team Lead,L3,Chennai,Part-Time,0.5,2024-01-28,2.7,57900,694800,110100,46600,29000,17600,21900,920000,907300,924400,17100,4,Yes,2026-10-07,Yes,No,Filled,1,2027-01,19900,1,0.5,0.5,1,1
EMP0549,Finance,Finance Manager,L1,Chennai,Contract,1,2019-03-07,7.6,50500,606000,75300,48400,31900,10300,12300,784200,760600,823100,62500,4,No,,No,No,Filled,0,,0,1.6,1,0.6,1,1
EMP0550,Engineering,DevOps Engineer,L2,Bengaluru,Part-Time,0.5,2023-07-19,3.2,97100,1165200,189300,111900,79300,14300,17600,1577600,1586400,1597600,11200,3,No,,No,No,Filled,1,2027-08,53600,1,0.5,0.5,2,2
EMP0551,Sales,Business Development Executive,L4,Hyderabad,Full-Time,1,2022-04-29,4.4,104300,1251600,213000,79300,74400,28100,17200,1663600,1688000,1634400,-53600,4,No,,No,No,Filled,0,,0,1.16,1,0.16,1,1
EMP0552,Sales,Sales Manager,L3,Gurugram,Full-Time,1,2026-07-26,0.2,89900,1078800,132400,98000,47400,8400,24300,1389300,1386100,1428800,42700,4,Yes,2027-04-15,Yes,No,Filled,1,2027-03,21700,1.4,1,0.4,1,1
EMP0553,Operations,Process Analyst,L2,Chennai,Full-Time,1,2021-04-18,5.5,58900,706800,88200,47800,44700,24900,13100,925500,969900,957300,-12600,3,No,,No,No,Filled,0,,0,1.55,1,0.55,1,1
EMP0554,Human Resources,HR Analyst,L2,Hyderabad,Full-Time,1,2023-09-29,3,62900,754800,50600,59300,36300,28000,20200,949200,975400,938900,-36500,3,Yes,2027-03-26,Yes,No,Filled,1,2026-11,26700,1.45,1,0.45,1,1
EMP0555,IT,Cybersecurity Analyst,L2,Hyderabad,Full-Time,1,2019-09-26,7,70600,847200,67200,82200,35300,15200,14400,1061500,1034700,1144300,109600,3,No,,No,Yes,Filled,0,,0,1.07,1,0.07,1,1
EMP0556,Sales,Sales Executive,L1,Gurugram,Full-Time,1,2024-07-25,2.2,41200,494400,37800,52500,28200,20400,5400,638700,615400,643800,28400,3,No,,No,No,Filled,0,,0,1.49,1,0.49,1,1
EMP0557,Finance,Accountant,L2,Pune,Full-Time,1,2019-03-29,7.5,72700,872400,53500,80500,66800,16500,21600,1111300,1081700,1190900,109200,3,Yes,2027-01-27,Yes,No,Filled,1,2027-03,53300,1.58,1,0.58,1,1
EMP0558,Customer Success,Support Analyst,L3,Hyderabad,Full-Time,1,2026-06-20,0.3,68900,826800,80400,96100,42200,15300,19000,1079800,1119200,1156300,37100,4,No,,No,No,Filled,0,,0,1.06,1,0.06,1,1
EMP0559,Marketing,Digital Marketing Specialist,L3,Bengaluru,Full-Time,1,2022-03-26,4.5,88700,1064400,155400,67900,59100,14200,11100,1372100,1452100,1418100,-34000,4,Yes,2027-03-30,Yes,No,Open,1,2027-07,51700,1.6,1,0.6,1,1
EMP0560,Finance,Finance Manager,L1,Bengaluru,Part-Time,0.5,2026-06-22,0.3,47900,574800,88700,49500,43000,12000,24000,792000,777600,786000,8400,4,No,,No,Yes,Open,1,2027-07,53500,1,0.5,0.5,2,2
EMP0561,Finance,Accountant,L1,Bengaluru,Full-Time,1,2019-05-23,7.4,50900,610800,65800,63900,30000,9300,11000,790800,796700,768500,-28200,4,No,,No,No,Filled,0,,0,1.17,1,0.17,1,1
EMP0562,Marketing,Marketing Executive,L4,Pune,Contract,1,2020-08-18,6.1,106700,1280400,73600,121600,96500,11300,17000,1600400,1642800,1607600,-35200,5,No,,No,No,Open,1,2027-06,51000,1.21,1,0.21,2,2
EMP0563,Operations,Operations Manager,L2,Hyderabad,Contract,1,2025-06-07,1.3,52800,633600,32300,64300,42100,8800,12400,793500,839400,797200,-42200,4,No,,No,No,Open,1,2027-03,41600,1.56,1,0.56,2,2
EMP0564,Sales,Business Development Executive,L4,Bengaluru,Full-Time,1,2020-04-23,6.4,116000,1392000,174900,150200,103800,18100,14500,1853500,1850900,1993800,142900,3,No,,No,No,Filled,1,2026-10,50800,1,1,0,2,2
EMP0565,Human Resources,Talent Acquisition Specialist,L2,Hyderabad,Full-Time,1,2019-12-09,6.8,66800,801600,90200,51400,49700,17200,22600,1032700,1012500,1092000,79500,4,No,,No,No,Filled,0,,0,1.31,1,0.31,1,1
EMP0566,Human Resources,HR Manager,L2,Mumbai,Full-Time,1,2019-08-18,7.1,53700,644400,113600,58500,33300,18300,22200,890300,881800,868100,-13700,5,No,,No,No,Filled,0,,0,1.01,1,0.01,1,1
EMP0567,Operations,Operations Executive,L1,Hyderabad,Full-Time,1,2023-12-31,2.7,37500,450000,68100,39700,22100,11700,11700,603300,635900,600000,-35900,5,Yes,2027-05-16,Yes,No,Filled,1,2027-05,64400,1.26,1,0.26,1,1
EMP0568,Marketing,Digital Marketing Specialist,L3,Pune,Full-Time,1,2023-08-24,3.1,75200,902400,149700,79100,61700,29600,6000,1228500,1191200,1282100,90900,3,No,,No,Yes,Filled,0,,0,1.12,1,0.12,1,1
EMP0569,Operations,Operations Executive,L4,Mumbai,Full-Time,1,2019-12-29,6.8,87000,1044000,57500,64000,74100,11000,14400,1265000,1291000,1272200,-18800,2,No,,No,No,Filled,0,,0,1,1,0,1,1
EMP0570,Finance,Senior Financial Analyst,L1,Pune,Full-Time,1,2024-07-02,2.2,53200,638400,32800,67500,48300,17500,15700,820200,826500,820700,-5800,2,No,,No,No,Filled,0,,0,1.54,1,0.54,1,1
EMP0571,IT,Systems Administrator,L1,Gurugram,Full-Time,1,2022-05-14,4.4,58900,706800,66200,68500,54500,29200,15200,940400,945400,927500,-17900,5,No,,No,No,Filled,0,,0,1.59,1,0.59,1,1
EMP0572,Customer Success,Customer Success Manager,L2,Chennai,Full-Time,1,2019-04-27,7.4,44100,529200,66300,40700,27100,16900,25000,705200,680900,723000,42100,3,No,,No,No,Filled,0,,0,1,1,0,1,1
EMP0573,IT,IT Manager,L3,Chennai,Full-Time,1,2020-05-04,6.4,87100,1045200,112000,94700,52600,15000,6700,1326200,1313400,1426500,113100,4,No,,No,Yes,Filled,0,,0,1.58,1,0.58,1,1
EMP0574,Finance,Finance Manager,L2,Chennai,Full-Time,1,2020-10-30,5.9,63100,757200,94100,86800,30500,25800,24000,1018400,987000,988900,1900,2,No,,No,No,Open,1,2026-10,63200,1.3,1,0.3,2,2
EMP0575,Marketing,Marketing Manager,L2,Gurugram,Full-Time,1,2026-01-16,0.7,53000,636000,53100,55300,43100,24100,24900,836500,827100,853200,26100,3,Yes,2026-12-25,Yes,No,Filled,1,2027-08,43100,1.2,1,0.2,1,1
EMP0576,Marketing,Marketing Manager,L3,Chennai,Full-Time,1,2024-12-28,1.8,75000,900000,159400,100100,53900,21300,9500,1244200,1262100,1294400,32300,4,No,,No,Yes,Filled,0,,0,1.28,1,0.28,1,1
EMP0577,IT,IT Manager,L2,Bengaluru,Full-Time,1,2020-09-25,6,80300,963600,124800,79300,68300,11800,12700,1260500,1253800,1268200,14400,4,No,,No,No,Filled,0,,0,1.47,1,0.47,1,1
EMP0578,Sales,Business Development Executive,L2,Gurugram,Full-Time,1,2020-06-21,6.3,60600,727200,111400,68800,39000,25800,9800,982000,964800,997300,32500,5,No,,No,No,Filled,0,,0,1.1,1,0.1,1,1
EMP0579,Operations,Process Analyst,L3,Gurugram,Full-Time,1,2020-04-30,6.4,61900,742800,99700,67300,42900,29300,16400,998400,1044700,966600,-78100,3,No,,No,No,Filled,0,,0,1.32,1,0.32,1,1
EMP0580,Finance,Financial Analyst,L2,Gurugram,Full-Time,1,2024-06-06,2.3,72400,868800,109300,89600,47700,10000,14200,1139600,1139000,1211100,72100,4,Yes,2026-11-25,Yes,Yes,Filled,1,2027-07,29500,1.6,1,0.6,1,1
EMP0581,Engineering,DevOps Engineer,L1,Hyderabad,Full-Time,1,2022-05-20,4.4,72600,871200,71600,70500,66100,29300,13900,1122600,1113700,1143200,29500,4,No,,No,No,Open,1,2027-01,50300,1.11,1,0.11,2,2
EMP0582,Human Resources,HR Analyst,L3,Gurugram,Full-Time,1,2022-02-10,4.6,87400,1048800,59500,66000,58200,15800,11300,1259600,1271100,1249100,-22000,5,No,,No,No,Filled,0,,0,1.05,1,0.05,1,1
EMP0583,Human Resources,Talent Acquisition Specialist,L2,Gurugram,Full-Time,1,2019-02-27,7.6,57800,693600,122600,58700,40100,20700,24700,960400,945200,997400,52200,4,No,,No,No,Filled,0,,0,1.42,1,0.42,1,1
EMP0584,Engineering,Software Engineer,L4,Mumbai,Part-Time,0.5,2024-04-28,2.4,159700,1916400,117900,192800,81600,21100,19800,2349600,2305200,2489200,184000,4,No,,No,Yes,Filled,0,,0,1,0.5,0.5,1,1
EMP0585,Finance,Finance Manager,L5,Pune,Full-Time,1,2021-07-21,5.2,180000,2160000,237300,157800,98000,29000,6500,2688600,2634600,2675700,41100,4,No,,No,No,Filled,0,,0,1.35,1,0.35,1,1
EMP0586,IT,Cybersecurity Analyst,L3,Mumbai,Full-Time,1,2019-12-03,6.8,97100,1165200,77300,90200,57700,12700,13200,1416300,1459400,1385500,-73900,3,Yes,2027-02-23,Yes,No,Filled,1,2027-08,35200,1.19,1,0.19,1,1
EMP0587,IT,Systems Administrator,L2,Hyderabad,Contract,1,2023-10-19,2.9,80100,961200,167400,103800,47700,9500,11300,1300900,1283600,1321400,37800,3,Yes,2027-06-01,Yes,No,Filled,1,2026-10,54600,1.52,1,0.52,1,1
EMP0588,IT,IT Support Analyst,L2,Mumbai,Full-Time,1,2019-12-15,6.8,77600,931200,90100,94300,48900,9300,19000,1192800,1146300,1196600,50300,3,No,,No,No,Open,1,2027-09,33500,1.41,1,0.41,2,2
EMP0589,Finance,Financial Analyst,L2,Bengaluru,Full-Time,1,2025-09-02,1.1,70600,847200,75900,92100,43800,17800,19500,1096300,1128400,1182200,53800,5,No,,No,No,Filled,0,,0,1.08,1,0.08,1,1
EMP0590,Marketing,Content Strategist,L2,Chennai,Full-Time,1,2023-07-15,3.2,63500,762000,98500,87600,35200,24500,16400,1024200,1011400,1036200,24800,5,No,,No,No,Filled,0,,0,1.15,1,0.15,1,1
EMP0591,IT,IT Manager,L1,Bengaluru,Full-Time,1,2019-08-05,7.2,54400,652800,108100,61500,42600,19400,6000,890400,875500,902800,27300,5,No,,No,Yes,Filled,0,,0,1.14,1,0.14,1,1
EMP0592,Operations,Process Analyst,L2,Mumbai,Full-Time,1,2019-11-10,6.9,48300,579600,67000,46000,29200,18200,7700,747700,787200,794700,7500,4,No,,No,No,Filled,0,,0,1.42,1,0.42,1,1
EMP0593,IT,IT Manager,L2,Mumbai,Full-Time,1,2025-01-23,1.7,63600,763200,115100,82800,54000,10500,17900,1043500,1088800,1069600,-19200,4,No,,No,Yes,Filled,0,,0,1.37,1,0.37,1,1
EMP0594,Customer Success,Team Lead,L2,Pune,Full-Time,1,2019-05-28,7.3,48200,578400,68700,35900,37900,9800,13700,744400,736400,760000,23600,2,No,,No,No,Filled,0,,0,1.01,1,0.01,1,1
EMP0595,IT,IT Manager,L1,Chennai,Full-Time,1,2020-03-24,6.5,56000,672000,103100,46900,29700,11200,22500,885400,896700,894900,-1800,4,No,,No,No,Filled,0,,0,1,1,0,1,1
EMP0596,Finance,Financial Analyst,L2,Pune,Full-Time,1,2023-03-28,3.5,68600,823200,134000,90300,53500,9700,7200,1117900,1078700,1099400,20700,4,No,,No,No,Filled,1,2026-10,24400,1.1,1,0.1,2,2
EMP0597,Finance,Finance Manager,L2,Chennai,Full-Time,1,2026-01-04,0.7,64000,768000,132500,74200,56400,23600,7300,1062000,1097700,1046900,-50800,3,Yes,2027-03-26,Yes,No,Filled,1,2026-10,48000,1.16,1,0.16,1,1
EMP0598,Human Resources,HR Analyst,L1,Hyderabad,Full-Time,1,2019-09-26,7,51700,620400,52300,47600,47900,8500,18900,795600,821500,842300,20800,5,Yes,2026-12-26,Yes,Yes,Filled,1,2027-05,63800,1.6,1,0.6,1,1
EMP0599,Customer Success,Team Lead,L1,Chennai,Full-Time,1,2019-04-02,7.5,32300,387600,60800,38300,25500,10800,18000,541000,572500,578100,5600,5,No,,No,No,Filled,0,,0,1.23,1,0.23,1,1
EMP0600,Sales,Account Manager,L2,Mumbai,Full-Time,1,2026-06-26,0.3,53400,640800,62200,70200,43600,18100,6100,841000,843300,850200,6900,3,No,,No,No,Filled,0,,0,1.57,1,0.57,1,1